Date,Open,High,Low,Close,Volume,Dividends,Stock Splits
2012-01-03,2389.91,2389.91,2389.91,2389.91,0,0,0
2012-01-04,2349.89,2349.89,2349.89,2349.89,0,0,0
2012-01-05,2315.75,2315.75,2315.75,2315.75,0,0,0
2012-01-06,2298.65,2298.65,2298.65,2298.65,0,0,0
2012-01-09,2286.45,2286.45,2286.45,2286.45,0,0,0
2012-01-10,2347.47,2347.47,2347.47,2347.47,0,0,0
2012-01-11,2339.51,2339.51,2339.51,2339.51,0,0,0
2012-01-12,2345.85,2345.85,2345.85,2345.85,0,0,0
2012-01-13,2338.01,2338.01,2338.01,2338.01,0,0,0
2012-01-16,2361.56,2361.56,2361.56,2361.56,0,0,0
2012-01-17,2396.63,2396.63,2396.63,2396.63,0,0,0
2012-01-18,2390.64,2390.64,2390.64,2390.64,0,0,0
2012-01-19,2435.04,2435.04,2435.04,2435.04,0,0,0
2012-01-20,2426.96,2426.96,2426.96,2426.96,0,0,0
2012-01-23,2441.44,2441.44,2441.44,2441.44,0,0,0
2012-01-24,2432.07,2432.07,2432.07,2432.07,0,0,0
2012-01-25,2421.12,2421.12,2421.12,2421.12,0,0,0
2012-01-26,2460.4,2460.4,2460.4,2460.4,0,0,0
2012-01-27,2436.62,2436.62,2436.62,2436.62,0,0,0
2012-01-30,2404.62,2404.62,2404.62,2404.62,0,0,0
2012-01-31,2416.66,2416.66,2416.66,2416.66,0,0,0
2012-02-01,2470.79,2470.79,2470.79,2470.79,0,0,0
2012-02-02,2478.15,2478.15,2478.15,2478.15,0,0,0
2012-02-03,2515.15,2515.15,2515.15,2515.15,0,0,0
2012-02-06,2507.89,2507.89,2507.89,2507.89,0,0,0
2012-02-07,2514.12,2514.12,2514.12,2514.12,0,0,0
2012-02-08,2512.92,2512.92,2512.92,2512.92,0,0,0
2012-02-09,2522.34,2522.34,2522.34,2522.34,0,0,0
2012-02-10,2480.76,2480.76,2480.76,2480.76,0,0,0
2012-02-13,2491.54,2491.54,2491.54,2491.54,0,0,0
2012-02-14,2488.29,2488.29,2488.29,2488.29,0,0,0
2012-02-15,2493.96,2493.96,2493.96,2493.96,0,0,0
2012-02-16,2489.34,2489.34,2489.34,2489.34,0,0,0
2012-02-17,2520.31,2520.31,2520.31,2520.31,0,0,0
2012-02-20,2550.28,2550.28,2550.28,2550.28,0,0,0
2012-02-21,2541.6,2541.6,2541.6,2541.6,0,0,0
2012-02-22,2519.0,2519.0,2519.0,2519.0,0,0,0
2012-02-23,2508.08,2508.08,2508.08,2508.08,0,0,0
2012-02-24,2523.69,2523.69,2523.69,2523.69,0,0,0
2012-02-27,2513.06,2513.06,2513.06,2513.06,0,0,0
2012-02-28,2519.72,2519.72,2519.72,2519.72,0,0,0
2012-02-29,2512.11,2512.11,2512.11,2512.11,0,0,0
2012-03-01,2548.66,2548.66,2548.66,2548.66,0,0,0
2012-03-02,2546.16,2546.16,2546.16,2546.16,0,0,0
2012-03-05,2529.86,2529.86,2529.86,2529.86,0,0,0
2012-03-06,2443.52,2443.52,2443.52,2443.52,0,0,0
2012-03-07,2460.77,2460.77,2460.77,2460.77,0,0,0
2012-03-08,2514.22,2514.22,2514.22,2514.22,0,0,0
2012-03-09,2515.95,2515.95,2515.95,2515.95,0,0,0
2012-03-12,2514.97,2514.97,2514.97,2514.97,0,0,0
2012-03-13,2556.82,2556.82,2556.82,2556.82,0,0,0
2012-03-14,2574.79,2574.79,2574.79,2574.79,0,0,0
2012-03-15,2593.97,2593.97,2593.97,2593.97,0,0,0
2012-03-16,2608.3,2608.3,2608.3,2608.3,0,0,0
2012-03-19,2608.42,2608.42,2608.42,2608.42,0,0,0
2012-03-20,2576.61,2576.61,2576.61,2576.61,0,0,0
2012-03-21,2567.58,2567.58,2567.58,2567.58,0,0,0
2012-03-22,2530.22,2530.22,2530.22,2530.22,0,0,0
2012-03-23,2525.43,2525.43,2525.43,2525.43,0,0,0
2012-03-26,2539.87,2539.87,2539.87,2539.87,0,0,0
2012-03-27,2525.21,2525.21,2525.21,2525.21,0,0,0
2012-03-28,2496.69,2496.69,2496.69,2496.69,0,0,0
2012-03-29,2452.74,2452.74,2452.74,2452.74,0,0,0
2012-03-30,2477.28,2477.28,2477.28,2477.28,0,0,0
2012-04-02,2501.18,2501.18,2501.18,2501.18,0,0,0
2012-04-03,2458.98,2458.98,2458.98,2458.98,0,0,0
2012-04-04,2398.46,2398.46,2398.46,2398.46,0,0,0
2012-04-05,2392.54,2392.54,2392.54,2392.54,0,0,0
2012-04-10,2321.53,2321.53,2321.53,2321.53,0,0,0
2012-04-11,2341.36,2341.36,2341.36,2341.36,0,0,0
2012-04-12,2352.24,2352.24,2352.24,2352.24,0,0,0
2012-04-13,2291.51,2291.51,2291.51,2291.51,0,0,0
2012-04-16,2301.19,2301.19,2301.19,2301.19,0,0,0
2012-04-17,2367.05,2367.05,2367.05,2367.05,0,0,0
2012-04-18,2327.84,2327.84,2327.84,2327.84,0,0,0
2012-04-19,2284.67,2284.67,2284.67,2284.67,0,0,0
2012-04-20,2311.27,2311.27,2311.27,2311.27,0,0,0
2012-04-23,2244.83,2244.83,2244.83,2244.83,0,0,0
2012-04-24,2284.08,2284.08,2284.08,2284.08,0,0,0
2012-04-25,2322.91,2322.91,2322.91,2322.91,0,0,0
2012-04-26,2322.69,2322.69,2322.69,2322.69,0,0,0
2012-04-27,2344.02,2344.02,2344.02,2344.02,0,0,0
2012-04-30,2306.43,2306.43,2306.43,2306.43,0,0,0
2012-05-02,2290.31,2290.31,2290.31,2290.31,0,0,0
2012-05-03,2287.1,2287.1,2287.1,2287.1,0,0,0
2012-05-04,2248.34,2248.34,2248.34,2248.34,0,0,0
2012-05-07,2283.09,2283.09,2283.09,2283.09,0,0,0
2012-05-08,2236.11,2236.11,2236.11,2236.11,0,0,0
2012-05-09,2225.63,2225.63,2225.63,2225.63,0,0,0
2012-05-10,2247.38,2247.38,2247.38,2247.38,0,0,0
2012-05-11,2254.54,2254.54,2254.54,2254.54,0,0,0
2012-05-14,2201.95,2201.95,2201.95,2201.95,0,0,0
2012-05-15,2178.67,2178.67,2178.67,2178.67,0,0,0
2012-05-16,2175.34,2175.34,2175.34,2175.34,0,0,0
2012-05-18,2144.69,2144.69,2144.69,2144.69,0,0,0
2012-05-21,2150.16,2150.16,2150.16,2150.16,0,0,0
2012-05-22,2192.85,2192.85,2192.85,2192.85,0,0,0
2012-05-23,2134.05,2134.05,2134.05,2134.05,0,0,0
2012-05-24,2156.52,2156.52,2156.52,2156.52,0,0,0
2012-05-25,2161.87,2161.87,2161.87,2161.87,0,0,0
2012-05-29,2160.31,2160.31,2160.31,2160.31,0,0,0
2012-05-30,2116.18,2116.18,2116.18,2116.18,0,0,0
2012-05-31,2118.94,2118.94,2118.94,2118.94,0,0,0
2012-06-01,2068.66,2068.66,2068.66,2068.66,0,0,0
2012-06-04,2078.96,2078.96,2078.96,2078.96,0,0,0
2012-06-05,2087.31,2087.31,2087.31,2087.31,0,0,0
2012-06-06,2137.73,2137.73,2137.73,2137.73,0,0,0
2012-06-07,2143.08,2143.08,2143.08,2143.08,0,0,0
2012-06-08,2143.9,2143.9,2143.9,2143.9,0,0,0
2012-06-11,2137.7,2137.7,2137.7,2137.7,0,0,0
2012-06-12,2143.38,2143.38,2143.38,2143.38,0,0,0
2012-06-13,2143.5,2143.5,2143.5,2143.5,0,0,0
2012-06-14,2148.21,2148.21,2148.21,2148.21,0,0,0
2012-06-15,2181.23,2181.23,2181.23,2181.23,0,0,0
2012-06-18,2155.64,2155.64,2155.64,2155.64,0,0,0
2012-06-19,2198.01,2198.01,2198.01,2198.01,0,0,0
2012-06-20,2207.49,2207.49,2207.49,2207.49,0,0,0
2012-06-21,2199.42,2199.42,2199.42,2199.42,0,0,0
2012-06-22,2186.81,2186.81,2186.81,2186.81,0,0,0
2012-06-25,2130.71,2130.71,2130.71,2130.71,0,0,0
2012-06-26,2127.95,2127.95,2127.95,2127.95,0,0,0
2012-06-27,2165.61,2165.61,2165.61,2165.61,0,0,0
2012-06-28,2157.62,2157.62,2157.62,2157.62,0,0,0
2012-06-29,2264.72,2264.72,2264.72,2264.72,0,0,0
2012-07-02,2292.08,2292.08,2292.08,2292.08,0,0,0
2012-07-03,2320.43,2320.43,2320.43,2320.43,0,0,0
2012-07-04,2312.41,2312.41,2312.41,2312.41,0,0,0
2012-07-05,2284.92,2284.92,2284.92,2284.92,0,0,0
2012-07-06,2235.51,2235.51,2235.51,2235.51,0,0,0
2012-07-09,2227.91,2227.91,2227.91,2227.91,0,0,0
2012-07-10,2241.85,2241.85,2241.85,2241.85,0,0,0
2012-07-11,2246.23,2246.23,2246.23,2246.23,0,0,0
2012-07-12,2228.01,2228.01,2228.01,2228.01,0,0,0
2012-07-13,2259.09,2259.09,2259.09,2259.09,0,0,0
2012-07-16,2251.96,2251.96,2251.96,2251.96,0,0,0
2012-07-17,2250.75,2250.75,2250.75,2250.75,0,0,0
2012-07-18,2284.7,2284.7,2284.7,2284.7,0,0,0
2012-07-19,2302.45,2302.45,2302.45,2302.45,0,0,0
2012-07-20,2237.33,2237.33,2237.33,2237.33,0,0,0
2012-07-23,2179.31,2179.31,2179.31,2179.31,0,0,0
2012-07-24,2151.54,2151.54,2151.54,2151.54,0,0,0
2012-07-25,2159.09,2159.09,2159.09,2159.09,0,0,0
2012-07-26,2251.05,2251.05,2251.05,2251.05,0,0,0
2012-07-27,2301.23,2301.23,2301.23,2301.23,0,0,0
2012-07-30,2340.31,2340.31,2340.31,2340.31,0,0,0
2012-07-31,2325.72,2325.72,2325.72,2325.72,0,0,0
2012-08-02,2263.36,2263.36,2263.36,2263.36,0,0,0
2012-08-03,2372.58,2372.58,2372.58,2372.58,0,0,0
2012-08-06,2399.32,2399.32,2399.32,2399.32,0,0,0
2012-08-07,2440.24,2440.24,2440.24,2440.24,0,0,0
2012-08-08,2432.28,2432.28,2432.28,2432.28,0,0,0
2012-08-09,2437.04,2437.04,2437.04,2437.04,0,0,0
2012-08-10,2423.22,2423.22,2423.22,2423.22,0,0,0
2012-08-13,2415.96,2415.96,2415.96,2415.96,0,0,0
2012-08-14,2432.29,2432.29,2432.29,2432.29,0,0,0
2012-08-15,2430.39,2430.39,2430.39,2430.39,0,0,0
2012-08-16,2456.53,2456.53,2456.53,2456.53,0,0,0
2012-08-17,2471.53,2471.53,2471.53,2471.53,0,0,0
2012-08-20,2466.32,2466.32,2466.32,2466.32,0,0,0
2012-08-21,2490.27,2490.27,2490.27,2490.27,0,0,0
2012-08-22,2452.73,2452.73,2452.73,2452.73,0,0,0
2012-08-23,2429.17,2429.17,2429.17,2429.17,0,0,0
2012-08-24,2434.23,2434.23,2434.23,2434.23,0,0,0
2012-08-27,2461.82,2461.82,2461.82,2461.82,0,0,0
2012-08-28,2442.12,2442.12,2442.12,2442.12,0,0,0
2012-08-29,2434.23,2434.23,2434.23,2434.23,0,0,0
2012-08-30,2403.8,2403.8,2403.8,2403.8,0,0,0
2012-08-31,2440.71,2440.71,2440.71,2440.71,0,0,0
2012-09-03,2463.17,2463.17,2463.17,2463.17,0,0,0
2012-09-04,2436.54,2436.54,2436.54,2436.54,0,0,0
2012-09-05,2441.81,2441.81,2441.81,2441.81,0,0,0
2012-09-06,2524.95,2524.95,2524.95,2524.95,0,0,0
2012-09-07,2538.6,2538.6,2538.6,2538.6,0,0,0
2012-09-10,2528.53,2528.53,2528.53,2528.53,0,0,0
2012-09-11,2557.65,2557.65,2557.65,2557.65,0,0,0
2012-09-12,2564.8,2564.8,2564.8,2564.8,0,0,0
2012-09-13,2543.22,2543.22,2543.22,2543.22,0,0,0
2012-09-14,2594.56,2594.56,2594.56,2594.56,0,0,0
2012-09-17,2583.57,2583.57,2583.57,2583.57,0,0,0
2012-09-18,2553.4,2553.4,2553.4,2553.4,0,0,0
2012-09-19,2567.67,2567.67,2567.67,2567.67,0,0,0
2012-09-20,2553.03,2553.03,2553.03,2553.03,0,0,0
2012-09-21,2577.08,2577.08,2577.08,2577.08,0,0,0
2012-09-24,2557.89,2557.89,2557.89,2557.89,0,0,0
2012-09-25,2568.48,2568.48,2568.48,2568.48,0,0,0
2012-09-26,2498.52,2498.52,2498.52,2498.52,0,0,0
2012-09-27,2506.06,2506.06,2506.06,2506.06,0,0,0
2012-09-28,2454.26,2454.26,2454.26,2454.26,0,0,0
2012-10-01,2498.81,2498.81,2498.81,2498.81,0,0,0
2012-10-02,2493.59,2493.59,2493.59,2493.59,0,0,0
2012-10-03,2492.48,2492.48,2492.48,2492.48,0,0,0
2012-10-04,2485.75,2485.75,2485.75,2485.75,0,0,0
2012-10-05,2531.21,2531.21,2531.21,2531.21,0,0,0
2012-10-08,2496.09,2496.09,2496.09,2496.09,0,0,0
2012-10-09,2472.23,2472.23,2472.23,2472.23,0,0,0
2012-10-10,2456.54,2456.54,2456.54,2456.54,0,0,0
2012-10-11,2487.08,2487.08,2487.08,2487.08,0,0,0
2012-10-12,2469.09,2469.09,2469.09,2469.09,0,0,0
2012-10-15,2485.12,2485.12,2485.12,2485.12,0,0,0
2012-10-16,2547.9,2547.9,2547.9,2547.9,0,0,0
2012-10-17,2569.83,2569.83,2569.83,2569.83,0,0,0
2012-10-18,2574.19,2574.19,2574.19,2574.19,0,0,0
2012-10-19,2542.24,2542.24,2542.24,2542.24,0,0,0
2012-10-22,2531.1,2531.1,2531.1,2531.1,0,0,0
2012-10-23,2477.92,2477.92,2477.92,2477.92,0,0,0
2012-10-24,2490.58,2490.58,2490.58,2490.58,0,0,0
2012-10-25,2483.43,2483.43,2483.43,2483.43,0,0,0
2012-10-26,2496.1,2496.1,2496.1,2496.1,0,0,0
2012-10-29,2478.83,2478.83,2478.83,2478.83,0,0,0
2012-10-30,2515.99,2515.99,2515.99,2515.99,0,0,0
2012-10-31,2503.64,2503.64,2503.64,2503.64,0,0,0
2012-11-01,2533.87,2533.87,2533.87,2533.87,0,0,0
2012-11-02,2547.15,2547.15,2547.15,2547.15,0,0,0
2012-11-05,2517.67,2517.67,2517.67,2517.67,0,0,0
2012-11-06,2535.94,2535.94,2535.94,2535.94,0,0,0
2012-11-07,2479.1,2479.1,2479.1,2479.1,0,0,0
2012-11-08,2479.13,2479.13,2479.13,2479.13,0,0,0
2012-11-09,2479.82,2479.82,2479.82,2479.82,0,0,0
2012-11-12,2473.52,2473.52,2473.52,2473.52,0,0,0
2012-11-13,2493.14,2493.14,2493.14,2493.14,0,0,0
2012-11-14,2472.84,2472.84,2472.84,2472.84,0,0,0
2012-11-15,2461.77,2461.77,2461.77,2461.77,0,0,0
2012-11-16,2427.32,2427.32,2427.32,2427.32,0,0,0
2012-11-19,2495.21,2495.21,2495.21,2495.21,0,0,0
2012-11-20,2509.62,2509.62,2509.62,2509.62,0,0,0
2012-11-21,2519.68,2519.68,2519.68,2519.68,0,0,0
2012-11-22,2535.09,2535.09,2535.09,2535.09,0,0,0
2012-11-23,2557.03,2557.03,2557.03,2557.03,0,0,0
2012-11-26,2542.52,2542.52,2542.52,2542.52,0,0,0
2012-11-27,2543.45,2543.45,2543.45,2543.45,0,0,0
2012-11-28,2546.84,2546.84,2546.84,2546.84,0,0,0
2012-11-29,2581.69,2581.69,2581.69,2581.69,0,0,0
2012-11-30,2575.25,2575.25,2575.25,2575.25,0,0,0
2012-12-03,2582.36,2582.36,2582.36,2582.36,0,0,0
2012-12-04,2590.83,2590.83,2590.83,2590.83,0,0,0
2012-12-05,2592.09,2592.09,2592.09,2592.09,0,0,0
2012-12-06,2603.41,2603.41,2603.41,2603.41,0,0,0
2012-12-07,2601.37,2601.37,2601.37,2601.37,0,0,0
2012-12-10,2596.02,2596.02,2596.02,2596.02,0,0,0
2012-12-11,2624.03,2624.03,2624.03,2624.03,0,0,0
2012-12-12,2630.34,2630.34,2630.34,2630.34,0,0,0
2012-12-13,2627.66,2627.66,2627.66,2627.66,0,0,0
2012-12-14,2630.54,2630.54,2630.54,2630.54,0,0,0
2012-12-17,2628.01,2628.01,2628.01,2628.01,0,0,0
2012-12-18,2643.5,2643.5,2643.5,2643.5,0,0,0
2012-12-19,2654.69,2654.69,2654.69,2654.69,0,0,0
2012-12-20,2658.3,2658.3,2658.3,2658.3,0,0,0
2012-12-21,2651.09,2651.09,2651.09,2651.09,0,0,0
2012-12-27,2659.95,2659.95,2659.95,2659.95,0,0,0
2012-12-28,2626.85,2626.85,2626.85,2626.85,0,0,0
2013-01-03,2701.22,2701.22,2701.22,2701.22,0,0,0
2013-01-04,2709.35,2709.35,2709.35,2709.35,0,0,0
2013-01-07,2695.56,2695.56,2695.56,2695.56,0,0,0
2013-01-08,2691.45,2691.45,2691.45,2691.45,0,0,0
2013-01-09,2706.39,2706.39,2706.39,2706.39,0,0,0
2013-01-10,2708.27,2708.27,2708.27,2708.27,0,0,0
2013-01-11,2717.79,2717.79,2717.79,2717.79,0,0,0
2013-01-14,2715.16,2715.16,2715.16,2715.16,0,0,0
2013-01-15,2701.59,2701.59,2701.59,2701.59,0,0,0
2013-01-16,2702.54,2702.54,2702.54,2702.54,0,0,0
2013-01-17,2718.93,2718.93,2718.93,2718.93,0,0,0
2013-01-18,2709.59,2709.59,2709.59,2709.59,0,0,0
2013-01-21,2726.63,2726.63,2726.63,2726.63,0,0,0
2013-01-22,2716.7,2716.7,2716.7,2716.7,0,0,0
2013-01-23,2708.28,2708.28,2708.28,2708.28,0,0,0
2013-01-24,2722.96,2722.96,2722.96,2722.96,0,0,0
2013-01-25,2744.18,2744.18,2744.18,2744.18,0,0,0
2013-01-28,2744.5,2744.5,2744.5,2744.5,0,0,0
2013-01-29,2749.27,2749.27,2749.27,2749.27,0,0,0
2013-01-30,2732.12,2732.12,2732.12,2732.12,0,0,0
2013-01-31,2702.98,2702.98,2702.98,2702.98,0,0,0
2013-02-01,2710.08,2710.08,2710.08,2710.08,0,0,0
2013-02-04,2625.17,2625.17,2625.17,2625.17,0,0,0
2013-02-05,2651.21,2651.21,2651.21,2651.21,0,0,0
2013-02-06,2617.35,2617.35,2617.35,2617.35,0,0,0
2013-02-07,2597.92,2597.92,2597.92,2597.92,0,0,0
2013-02-08,2630.3,2630.3,2630.3,2630.3,0,0,0
2013-02-11,2622.61,2622.61,2622.61,2622.61,0,0,0
2013-02-12,2648.83,2648.83,2648.83,2648.83,0,0,0
2013-02-13,2656.86,2656.86,2656.86,2656.86,0,0,0
2013-02-14,2635.35,2635.35,2635.35,2635.35,0,0,0
2013-02-15,2615.26,2615.26,2615.26,2615.26,0,0,0
2013-02-18,2616.65,2616.65,2616.65,2616.65,0,0,0
2013-02-19,2662.37,2662.37,2662.37,2662.37,0,0,0
2013-02-20,2640.35,2640.35,2640.35,2640.35,0,0,0
2013-02-21,2579.76,2579.76,2579.76,2579.76,0,0,0
2013-02-22,2630.05,2630.05,2630.05,2630.05,0,0,0
2013-02-25,2651.86,2651.86,2651.86,2651.86,0,0,0
2013-02-26,2570.52,2570.52,2570.52,2570.52,0,0,0
2013-02-27,2611.89,2611.89,2611.89,2611.89,0,0,0
2013-02-28,2633.55,2633.55,2633.55,2633.55,0,0,0
2013-03-01,2616.75,2616.75,2616.75,2616.75,0,0,0
2013-03-04,2619.78,2619.78,2619.78,2619.78,0,0,0
2013-03-05,2683.02,2683.02,2683.02,2683.02,0,0,0
2013-03-06,2679.89,2679.89,2679.89,2679.89,0,0,0
2013-03-07,2690.85,2690.85,2690.85,2690.85,0,0,0
2013-03-08,2728.78,2728.78,2728.78,2728.78,0,0,0
2013-03-11,2718.71,2718.71,2718.71,2718.71,0,0,0
2013-03-12,2711.85,2711.85,2711.85,2711.85,0,0,0
2013-03-13,2704.73,2704.73,2704.73,2704.73,0,0,0
2013-03-14,2744.7,2744.7,2744.7,2744.7,0,0,0
2013-03-15,2725.72,2725.72,2725.72,2725.72,0,0,0
2013-03-18,2705.47,2705.47,2705.47,2705.47,0,0,0
2013-03-19,2671.96,2671.96,2671.96,2671.96,0,0,0
2013-03-20,2708.9,2708.9,2708.9,2708.9,0,0,0
2013-03-21,2683.92,2683.92,2683.92,2683.92,0,0,0
2013-03-22,2681.67,2681.67,2681.67,2681.67,0,0,0
2013-03-25,2649.28,2649.28,2649.28,2649.28,0,0,0
2013-03-26,2641.12,2641.12,2641.12,2641.12,0,0,0
2013-03-27,2612.46,2612.46,2612.46,2612.46,0,0,0
2013-03-28,2624.02,2624.02,2624.02,2624.02,0,0,0
2013-04-02,2679.8,2679.8,2679.8,2679.8,0,0,0
2013-04-03,2639.01,2639.01,2639.01,2639.01,0,0,0
2013-04-04,2621.43,2621.43,2621.43,2621.43,0,0,0
2013-04-05,2585.28,2585.28,2585.28,2585.28,0,0,0
2013-04-08,2589.25,2589.25,2589.25,2589.25,0,0,0
2013-04-09,2595.13,2595.13,2595.13,2595.13,0,0,0
2013-04-10,2661.62,2661.62,2661.62,2661.62,0,0,0
2013-04-11,2674.33,2674.33,2674.33,2674.33,0,0,0
2013-04-12,2633.47,2633.47,2633.47,2633.47,0,0,0
2013-04-15,2624.71,2624.71,2624.71,2624.71,0,0,0
2013-04-16,2609.3,2609.3,2609.3,2609.3,0,0,0
2013-04-17,2553.49,2553.49,2553.49,2553.49,0,0,0
2013-04-18,2555.5,2555.5,2555.5,2555.5,0,0,0
2013-04-19,2575.16,2575.16,2575.16,2575.16,0,0,0
2013-04-22,2583.62,2583.62,2583.62,2583.62,0,0,0
2013-04-23,2662.88,2662.88,2662.88,2662.88,0,0,0
2013-04-24,2702.05,2702.05,2702.05,2702.05,0,0,0
2013-04-25,2704.41,2704.41,2704.41,2704.41,0,0,0
2013-04-26,2683.43,2683.43,2683.43,2683.43,0,0,0
2013-04-29,2717.38,2717.38,2717.38,2717.38,0,0,0
2013-04-30,2712.0,2712.0,2712.0,2712.0,0,0,0
2013-05-02,2718.9,2718.9,2718.9,2718.9,0,0,0
2013-05-03,2763.68,2763.68,2763.68,2763.68,0,0,0
2013-05-06,2750.52,2750.52,2750.52,2750.52,0,0,0
2013-05-07,2769.08,2769.08,2769.08,2769.08,0,0,0
2013-05-08,2784.62,2784.62,2784.62,2784.62,0,0,0
2013-05-10,2785.24,2785.24,2785.24,2785.24,0,0,0
2013-05-13,2777.39,2777.39,2777.39,2777.39,0,0,0
2013-05-14,2795.63,2795.63,2795.63,2795.63,0,0,0
2013-05-15,2809.58,2809.58,2809.58,2809.58,0,0,0
2013-05-16,2806.7,2806.7,2806.7,2806.7,0,0,0
2013-05-17,2817.99,2817.99,2817.99,2817.99,0,0,0
2013-05-21,2821.65,2821.65,2821.65,2821.65,0,0,0
2013-05-22,2835.01,2835.01,2835.01,2835.01,0,0,0
2013-05-23,2776.78,2776.78,2776.78,2776.78,0,0,0
2013-05-24,2764.29,2764.29,2764.29,2764.29,0,0,0
2013-05-27,2795.0,2795.0,2795.0,2795.0,0,0,0
2013-05-28,2835.87,2835.87,2835.87,2835.87,0,0,0
2013-05-29,2786.54,2786.54,2786.54,2786.54,0,0,0
2013-05-30,2799.2,2799.2,2799.2,2799.2,0,0,0
2013-05-31,2769.64,2769.64,2769.64,2769.64,0,0,0
2013-06-03,2747.74,2747.74,2747.74,2747.74,0,0,0
2013-06-04,2755.7,2755.7,2755.7,2755.7,0,0,0
2013-06-05,2709.33,2709.33,2709.33,2709.33,0,0,0
2013-06-06,2676.21,2676.21,2676.21,2676.21,0,0,0
2013-06-07,2724.08,2724.08,2724.08,2724.08,0,0,0
2013-06-10,2719.4,2719.4,2719.4,2719.4,0,0,0
2013-06-11,2683.2,2683.2,2683.2,2683.2,0,0,0
2013-06-12,2666.52,2666.52,2666.52,2666.52,0,0,0
2013-06-13,2661.71,2661.71,2661.71,2661.71,0,0,0
2013-06-14,2667.32,2667.32,2667.32,2667.32,0,0,0
2013-06-17,2702.69,2702.69,2702.69,2702.69,0,0,0
2013-06-18,2700.93,2700.93,2700.93,2700.93,0,0,0
2013-06-19,2683.98,2683.98,2683.98,2683.98,0,0,0
2013-06-20,2586.45,2586.45,2586.45,2586.45,0,0,0
2013-06-21,2549.48,2549.48,2549.48,2549.48,0,0,0
2013-06-24,2511.83,2511.83,2511.83,2511.83,0,0,0
2013-06-25,2543.37,2543.37,2543.37,2543.37,0,0,0
2013-06-26,2602.81,2602.81,2602.81,2602.81,0,0,0
2013-06-27,2619.86,2619.86,2619.86,2619.86,0,0,0
2013-06-28,2602.59,2602.59,2602.59,2602.59,0,0,0
2013-07-01,2622.62,2622.62,2622.62,2622.62,0,0,0
2013-07-02,2603.2,2603.2,2603.2,2603.2,0,0,0
2013-07-03,2570.76,2570.76,2570.76,2570.76,0,0,0
2013-07-04,2646.54,2646.54,2646.54,2646.54,0,0,0
2013-07-05,2596.01,2596.01,2596.01,2596.01,0,0,0
2013-07-08,2650.85,2650.85,2650.85,2650.85,0,0,0
2013-07-09,2664.14,2664.14,2664.14,2664.14,0,0,0
2013-07-10,2659.71,2659.71,2659.71,2659.71,0,0,0
2013-07-11,2681.32,2681.32,2681.32,2681.32,0,0,0
2013-07-12,2674.87,2674.87,2674.87,2674.87,0,0,0
2013-07-15,2686.69,2686.69,2686.69,2686.69,0,0,0
2013-07-16,2665.61,2665.61,2665.61,2665.61,0,0,0
2013-07-17,2681.88,2681.88,2681.88,2681.88,0,0,0
2013-07-18,2717.99,2717.99,2717.99,2717.99,0,0,0
2013-07-19,2716.17,2716.17,2716.17,2716.17,0,0,0
2013-07-22,2725.4,2725.4,2725.4,2725.4,0,0,0
2013-07-23,2722.9,2722.9,2722.9,2722.9,0,0,0
2013-07-24,2752.25,2752.25,2752.25,2752.25,0,0,0
2013-07-25,2740.29,2740.29,2740.29,2740.29,0,0,0
2013-07-26,2741.96,2741.96,2741.96,2741.96,0,0,0
2013-07-29,2741.73,2741.73,2741.73,2741.73,0,0,0
2013-07-30,2759.21,2759.21,2759.21,2759.21,0,0,0
2013-07-31,2768.15,2768.15,2768.15,2768.15,0,0,0
2013-08-02,2811.0,2811.0,2811.0,2811.0,0,0,0
2013-08-05,2809.08,2809.08,2809.08,2809.08,0,0,0
2013-08-06,2790.78,2790.78,2790.78,2790.78,0,0,0
2013-08-07,2794.44,2794.44,2794.44,2794.44,0,0,0
2013-08-08,2816.88,2816.88,2816.88,2816.88,0,0,0
2013-08-09,2825.62,2825.62,2825.62,2825.62,0,0,0
2013-08-12,2827.15,2827.15,2827.15,2827.15,0,0,0
2013-08-13,2841.61,2841.61,2841.61,2841.61,0,0,0
2013-08-14,2852.08,2852.08,2852.08,2852.08,0,0,0
2013-08-15,2835.86,2835.86,2835.86,2835.86,0,0,0
2013-08-16,2854.27,2854.27,2854.27,2854.27,0,0,0
2013-08-19,2823.35,2823.35,2823.35,2823.35,0,0,0
2013-08-20,2787.98,2787.98,2787.98,2787.98,0,0,0
2013-08-21,2774.58,2774.58,2774.58,2774.58,0,0,0
2013-08-22,2812.32,2812.32,2812.32,2812.32,0,0,0
2013-08-23,2826.05,2826.05,2826.05,2826.05,0,0,0
2013-08-26,2821.45,2821.45,2821.45,2821.45,0,0,0
2013-08-27,2749.27,2749.27,2749.27,2749.27,0,0,0
2013-08-28,2742.61,2742.61,2742.61,2742.61,0,0,0
2013-08-29,2758.31,2758.31,2758.31,2758.31,0,0,0
2013-08-30,2721.37,2721.37,2721.37,2721.37,0,0,0
2013-09-02,2774.09,2774.09,2774.09,2774.09,0,0,0
2013-09-03,2753.35,2753.35,2753.35,2753.35,0,0,0
2013-09-04,2758.29,2758.29,2758.29,2758.29,0,0,0
2013-09-05,2774.2,2774.2,2774.2,2774.2,0,0,0
2013-09-06,2803.42,2803.42,2803.42,2803.42,0,0,0
2013-09-09,2798.31,2798.31,2798.31,2798.31,0,0,0
2013-09-10,2851.4,2851.4,2851.4,2851.4,0,0,0
2013-09-11,2863.44,2863.44,2863.44,2863.44,0,0,0
2013-09-12,2862.07,2862.07,2862.07,2862.07,0,0,0
2013-09-13,2867.11,2867.11,2867.11,2867.11,0,0,0
2013-09-16,2894.64,2894.64,2894.64,2894.64,0,0,0
2013-09-17,2890.95,2890.95,2890.95,2890.95,0,0,0
2013-09-18,2908.92,2908.92,2908.92,2908.92,0,0,0
2013-09-19,2936.2,2936.2,2936.2,2936.2,0,0,0
2013-09-20,2927.19,2927.19,2927.19,2927.19,0,0,0
2013-09-23,2906.35,2906.35,2906.35,2906.35,0,0,0
2013-09-24,2922.93,2922.93,2922.93,2922.93,0,0,0
2013-09-25,2927.35,2927.35,2927.35,2927.35,0,0,0
2013-09-26,2922.99,2922.99,2922.99,2922.99,0,0,0
2013-09-27,2919.34,2919.34,2919.34,2919.34,0,0,0
2013-09-30,2893.15,2893.15,2893.15,2893.15,0,0,0
2013-10-01,2933.02,2933.02,2933.02,2933.02,0,0,0
2013-10-02,2918.31,2918.31,2918.31,2918.31,0,0,0
2013-10-03,2902.12,2902.12,2902.12,2902.12,0,0,0
2013-10-04,2928.31,2928.31,2928.31,2928.31,0,0,0
2013-10-07,2923.04,2923.04,2923.04,2923.04,0,0,0
2013-10-08,2903.35,2903.35,2903.35,2903.35,0,0,0
2013-10-09,2904.73,2904.73,2904.73,2904.73,0,0,0
2013-10-10,2969.41,2969.41,2969.41,2969.41,0,0,0
2013-10-11,2974.28,2974.28,2974.28,2974.28,0,0,0
2013-10-14,2977.69,2977.69,2977.69,2977.69,0,0,0
2013-10-15,3004.56,3004.56,3004.56,3004.56,0,0,0
2013-10-16,3015.4,3015.4,3015.4,3015.4,0,0,0
2013-10-17,3010.39,3010.39,3010.39,3010.39,0,0,0
2013-10-18,3033.31,3033.31,3033.31,3033.31,0,0,0
2013-10-21,3028.65,3028.65,3028.65,3028.65,0,0,0
2013-10-22,3045.77,3045.77,3045.77,3045.77,0,0,0
2013-10-23,3017.16,3017.16,3017.16,3017.16,0,0,0
2013-10-24,3038.96,3038.96,3038.96,3038.96,0,0,0
2013-10-25,3034.5,3034.5,3034.5,3034.5,0,0,0
2013-10-28,3022.04,3022.04,3022.04,3022.04,0,0,0
2013-10-29,3050.64,3050.64,3050.64,3050.64,0,0,0
2013-10-30,3040.69,3040.69,3040.69,3040.69,0,0,0
2013-10-31,3067.95,3067.95,3067.95,3067.95,0,0,0
2013-11-01,3052.14,3052.14,3052.14,3052.14,0,0,0
2013-11-04,3061.18,3061.18,3061.18,3061.18,0,0,0
2013-11-05,3035.92,3035.92,3035.92,3035.92,0,0,0
2013-11-06,3056.4,3056.4,3056.4,3056.4,0,0,0
2013-11-07,3042.98,3042.98,3042.98,3042.98,0,0,0
2013-11-08,3034.91,3034.91,3034.91,3034.91,0,0,0
2013-11-11,3052.83,3052.83,3052.83,3052.83,0,0,0
2013-11-12,3034.68,3034.68,3034.68,3034.68,0,0,0
2013-11-13,3021.17,3021.17,3021.17,3021.17,0,0,0
2013-11-14,3053.69,3053.69,3053.69,3053.69,0,0,0
2013-11-15,3054.53,3054.53,3054.53,3054.53,0,0,0
2013-11-18,3081.3,3081.3,3081.3,3081.3,0,0,0
2013-11-19,3049.17,3049.17,3049.17,3049.17,0,0,0
2013-11-20,3047.32,3047.32,3047.32,3047.32,0,0,0
2013-11-21,3044.34,3044.34,3044.34,3044.34,0,0,0
2013-11-22,3055.98,3055.98,3055.98,3055.98,0,0,0
2013-11-25,3072.75,3072.75,3072.75,3072.75,0,0,0
2013-11-26,3062.62,3062.62,3062.62,3062.62,0,0,0
2013-11-27,3082.65,3082.65,3082.65,3082.65,0,0,0
2013-11-28,3092.42,3092.42,3092.42,3092.42,0,0,0
2013-11-29,3086.64,3086.64,3086.64,3086.64,0,0,0
2013-12-02,3077.23,3077.23,3077.23,3077.23,0,0,0
2013-12-03,3013.88,3013.88,3013.88,3013.88,0,0,0
2013-12-04,2991.76,2991.76,2991.76,2991.76,0,0,0
2013-12-05,2953.17,2953.17,2953.17,2953.17,0,0,0
2013-12-06,2979.94,2979.94,2979.94,2979.94,0,0,0
2013-12-09,2988.67,2988.67,2988.67,2988.67,0,0,0
2013-12-10,2960.86,2960.86,2960.86,2960.86,0,0,0
2013-12-11,2947.31,2947.31,2947.31,2947.31,0,0,0
2013-12-12,2928.12,2928.12,2928.12,2928.12,0,0,0
2013-12-13,2921.92,2921.92,2921.92,2921.92,0,0,0
2013-12-16,2978.77,2978.77,2978.77,2978.77,0,0,0
2013-12-17,2941.76,2941.76,2941.76,2941.76,0,0,0
2013-12-18,2975.09,2975.09,2975.09,2975.09,0,0,0
2013-12-19,3031.05,3031.05,3031.05,3031.05,0,0,0
2013-12-20,3049.35,3049.35,3049.35,3049.35,0,0,0
2013-12-23,3070.91,3070.91,3070.91,3070.91,0,0,0
2013-12-27,3111.37,3111.37,3111.37,3111.37,0,0,0
2013-12-30,3100.93,3100.93,3100.93,3100.93,0,0,0
2014-01-03,3074.43,3074.43,3074.43,3074.43,0,0,0
2014-01-06,3069.16,3069.16,3069.16,3069.16,0,0,0
2014-01-07,3110.96,3110.96,3110.96,3110.96,0,0,0
2014-01-08,3110.66,3110.66,3110.66,3110.66,0,0,0
2014-01-09,3090.26,3090.26,3090.26,3090.26,0,0,0
2014-01-10,3104.15,3104.15,3104.15,3104.15,0,0,0
2014-01-13,3111.94,3111.94,3111.94,3111.94,0,0,0
2014-01-14,3119.53,3119.53,3119.53,3119.53,0,0,0
2014-01-15,3168.76,3168.76,3168.76,3168.76,0,0,0
2014-01-16,3150.2,3150.2,3150.2,3150.2,0,0,0
2014-01-17,3154.1,3154.1,3154.1,3154.1,0,0,0
2014-01-20,3153.17,3153.17,3153.17,3153.17,0,0,0
2014-01-21,3153.08,3153.08,3153.08,3153.08,0,0,0
2014-01-22,3151.27,3151.27,3151.27,3151.27,0,0,0
2014-01-23,3117.08,3117.08,3117.08,3117.08,0,0,0
2014-01-24,3028.2,3028.2,3028.2,3028.2,0,0,0
2014-01-27,3014.62,3014.62,3014.62,3014.62,0,0,0
2014-01-28,3038.6,3038.6,3038.6,3038.6,0,0,0
2014-01-29,3011.45,3011.45,3011.45,3011.45,0,0,0
2014-01-30,3027.3,3027.3,3027.3,3027.3,0,0,0
2014-01-31,3013.96,3013.96,3013.96,3013.96,0,0,0
2014-02-03,2963.96,2963.96,2963.96,2963.96,0,0,0
2014-02-04,2962.49,2962.49,2962.49,2962.49,0,0,0
2014-02-05,2962.51,2962.51,2962.51,2962.51,0,0,0
2014-02-06,3010.79,3010.79,3010.79,3010.79,0,0,0
2014-02-07,3038.49,3038.49,3038.49,3038.49,0,0,0
2014-02-10,3032.53,3032.53,3032.53,3032.53,0,0,0
2014-02-11,3077.08,3077.08,3077.08,3077.08,0,0,0
2014-02-12,3094.89,3094.89,3094.89,3094.89,0,0,0
2014-02-13,3097.95,3097.95,3097.95,3097.95,0,0,0
2014-02-14,3119.06,3119.06,3119.06,3119.06,0,0,0
2014-02-17,3118.91,3118.91,3118.91,3118.91,0,0,0
2014-02-18,3117.44,3117.44,3117.44,3117.44,0,0,0
2014-02-19,3120.8,3120.8,3120.8,3120.8,0,0,0
2014-02-20,3121.59,3121.59,3121.59,3121.59,0,0,0
2014-02-21,3131.67,3131.67,3131.67,3131.67,0,0,0
2014-02-24,3157.31,3157.31,3157.31,3157.31,0,0,0
2014-02-25,3157.48,3157.48,3157.48,3157.48,0,0,0
2014-02-26,3148.19,3148.19,3148.19,3148.19,0,0,0
2014-02-27,3134.94,3134.94,3134.94,3134.94,0,0,0
2014-02-28,3149.23,3149.23,3149.23,3149.23,0,0,0
2014-03-03,3053.99,3053.99,3053.99,3053.99,0,0,0
2014-03-04,3136.33,3136.33,3136.33,3136.33,0,0,0
2014-03-05,3135.97,3135.97,3135.97,3135.97,0,0,0
2014-03-06,3144.53,3144.53,3144.53,3144.53,0,0,0
2014-03-07,3095.31,3095.31,3095.31,3095.31,0,0,0
2014-03-10,3092.79,3092.79,3092.79,3092.79,0,0,0
2014-03-11,3092.55,3092.55,3092.55,3092.55,0,0,0
2014-03-12,3065.46,3065.46,3065.46,3065.46,0,0,0
2014-03-13,3019.54,3019.54,3019.54,3019.54,0,0,0
2014-03-14,3004.64,3004.64,3004.64,3004.64,0,0,0
2014-03-17,3049.19,3049.19,3049.19,3049.19,0,0,0
2014-03-18,3073.75,3073.75,3073.75,3073.75,0,0,0
2014-03-19,3076.36,3076.36,3076.36,3076.36,0,0,0
2014-03-20,3088.9,3088.9,3088.9,3088.9,0,0,0
2014-03-21,3096.49,3096.49,3096.49,3096.49,0,0,0
2014-03-24,3052.91,3052.91,3052.91,3052.91,0,0,0
2014-03-25,3096.64,3096.64,3096.64,3096.64,0,0,0
2014-03-26,3130.17,3130.17,3130.17,3130.17,0,0,0
2014-03-27,3133.75,3133.75,3133.75,3133.75,0,0,0
2014-03-28,3172.43,3172.43,3172.43,3172.43,0,0,0
2014-03-31,3161.6,3161.6,3161.6,3161.6,0,0,0
2014-04-01,3186.34,3186.34,3186.34,3186.34,0,0,0
2014-04-02,3187.45,3187.45,3187.45,3187.45,0,0,0
2014-04-03,3206.76,3206.76,3206.76,3206.76,0,0,0
2014-04-04,3230.33,3230.33,3230.33,3230.33,0,0,0
2014-04-07,3185.97,3185.97,3185.97,3185.97,0,0,0
2014-04-08,3177.66,3177.66,3177.66,3177.66,0,0,0
2014-04-09,3182.79,3182.79,3182.79,3182.79,0,0,0
2014-04-10,3152.86,3152.86,3152.86,3152.86,0,0,0
2014-04-11,3116.54,3116.54,3116.54,3116.54,0,0,0
2014-04-14,3131.57,3131.57,3131.57,3131.57,0,0,0
2014-04-15,3091.52,3091.52,3091.52,3091.52,0,0,0
2014-04-16,3139.26,3139.26,3139.26,3139.26,0,0,0
2014-04-17,3155.81,3155.81,3155.81,3155.81,0,0,0
2014-04-22,3199.69,3199.69,3199.69,3199.69,0,0,0
2014-04-23,3175.97,3175.97,3175.97,3175.97,0,0,0
2014-04-24,3189.81,3189.81,3189.81,3189.81,0,0,0
2014-04-25,3147.4,3147.4,3147.4,3147.4,0,0,0
2014-04-28,3165.84,3165.84,3165.84,3165.84,0,0,0
2014-04-29,3208.68,3208.68,3208.68,3208.68,0,0,0
2014-04-30,3198.39,3198.39,3198.39,3198.39,0,0,0
2014-05-02,3177.89,3177.89,3177.89,3177.89,0,0,0
2014-05-05,3171.29,3171.29,3171.29,3171.29,0,0,0
2014-05-06,3149.79,3149.79,3149.79,3149.79,0,0,0
2014-05-07,3159.67,3159.67,3159.67,3159.67,0,0,0
2014-05-08,3204.3,3204.3,3204.3,3204.3,0,0,0
2014-05-09,3184.09,3184.09,3184.09,3184.09,0,0,0
2014-05-12,3206.97,3206.97,3206.97,3206.97,0,0,0
2014-05-13,3211.78,3211.78,3211.78,3211.78,0,0,0
2014-05-14,3210.42,3210.42,3210.42,3210.42,0,0,0
2014-05-15,3163.22,3163.22,3163.22,3163.22,0,0,0
2014-05-16,3172.72,3172.72,3172.72,3172.72,0,0,0
2014-05-19,3169.9,3169.9,3169.9,3169.9,0,0,0
2014-05-20,3163.93,3163.93,3163.93,3163.93,0,0,0
2014-05-21,3187.08,3187.08,3187.08,3187.08,0,0,0
2014-05-22,3187.63,3187.63,3187.63,3187.63,0,0,0
2014-05-23,3203.28,3203.28,3203.28,3203.28,0,0,0
2014-05-26,3240.39,3240.39,3240.39,3240.39,0,0,0
2014-05-27,3244.28,3244.28,3244.28,3244.28,0,0,0
2014-05-28,3246.24,3246.24,3246.24,3246.24,0,0,0
2014-05-30,3244.6,3244.6,3244.6,3244.6,0,0,0
2014-06-02,3247.8,3247.8,3247.8,3247.8,0,0,0
2014-06-03,3241.04,3241.04,3241.04,3241.04,0,0,0
2014-06-04,3237.93,3237.93,3237.93,3237.93,0,0,0
2014-06-05,3267.05,3267.05,3267.05,3267.05,0,0,0
2014-06-06,3294.28,3294.28,3294.28,3294.28,0,0,0
2014-06-10,3313.8,3313.8,3313.8,3313.8,0,0,0
2014-06-11,3289.09,3289.09,3289.09,3289.09,0,0,0
2014-06-12,3284.28,3284.28,3284.28,3284.28,0,0,0
2014-06-13,3282.84,3282.84,3282.84,3282.84,0,0,0
2014-06-16,3261.42,3261.42,3261.42,3261.42,0,0,0
2014-06-17,3275.33,3275.33,3275.33,3275.33,0,0,0
2014-06-18,3279.2,3279.2,3279.2,3279.2,0,0,0
2014-06-19,3314.8,3314.8,3314.8,3314.8,0,0,0
2014-06-20,3302.36,3302.36,3302.36,3302.36,0,0,0
2014-06-23,3282.58,3282.58,3282.58,3282.58,0,0,0
2014-06-24,3284.81,3284.81,3284.81,3284.81,0,0,0
2014-06-25,3252.31,3252.31,3252.31,3252.31,0,0,0
2014-06-26,3233.19,3233.19,3233.19,3233.19,0,0,0
2014-06-27,3227.85,3227.85,3227.85,3227.85,0,0,0
2014-06-30,3228.24,3228.24,3228.24,3228.24,0,0,0
2014-07-01,3258.71,3258.71,3258.71,3258.71,0,0,0
2014-07-02,3252.25,3252.25,3252.25,3252.25,0,0,0
2014-07-03,3289.75,3289.75,3289.75,3289.75,0,0,0
2014-07-04,3270.47,3270.47,3270.47,3270.47,0,0,0
2014-07-07,3230.92,3230.92,3230.92,3230.92,0,0,0
2014-07-08,3184.38,3184.38,3184.38,3184.38,0,0,0
2014-07-09,3203.1,3203.1,3203.1,3203.1,0,0,0
2014-07-10,3150.59,3150.59,3150.59,3150.59,0,0,0
2014-07-11,3157.05,3157.05,3157.05,3157.05,0,0,0
2014-07-14,3185.86,3185.86,3185.86,3185.86,0,0,0
2014-07-15,3153.75,3153.75,3153.75,3153.75,0,0,0
2014-07-16,3202.94,3202.94,3202.94,3202.94,0,0,0
2014-07-17,3157.82,3157.82,3157.82,3157.82,0,0,0
2014-07-18,3164.21,3164.21,3164.21,3164.21,0,0,0
2014-07-21,3137.06,3137.06,3137.06,3137.06,0,0,0
2014-07-22,3189.22,3189.22,3189.22,3189.22,0,0,0
2014-07-23,3193.13,3193.13,3193.13,3193.13,0,0,0
2014-07-24,3220.07,3220.07,3220.07,3220.07,0,0,0
2014-07-25,3174.99,3174.99,3174.99,3174.99,0,0,0
2014-07-28,3171.55,3171.55,3171.55,3171.55,0,0,0
2014-07-29,3190.54,3190.54,3190.54,3190.54,0,0,0
2014-07-30,3169.23,3169.23,3169.23,3169.23,0,0,0
2014-07-31,3115.51,3115.51,3115.51,3115.51,0,0,0
2014-08-04,3070.46,3070.46,3070.46,3070.46,0,0,0
2014-08-05,3072.2,3072.2,3072.2,3072.2,0,0,0
2014-08-06,3050.37,3050.37,3050.37,3050.37,0,0,0
2014-08-07,3012.88,3012.88,3012.88,3012.88,0,0,0
2014-08-08,3006.83,3006.83,3006.83,3006.83,0,0,0
2014-08-11,3047.56,3047.56,3047.56,3047.56,0,0,0
2014-08-12,3023.77,3023.77,3023.77,3023.77,0,0,0
2014-08-13,3056.17,3056.17,3056.17,3056.17,0,0,0
2014-08-14,3058.16,3058.16,3058.16,3058.16,0,0,0
2014-08-15,3033.52,3033.52,3033.52,3033.52,0,0,0
2014-08-18,3073.45,3073.45,3073.45,3073.45,0,0,0
2014-08-19,3091.11,3091.11,3091.11,3091.11,0,0,0
2014-08-20,3083.5,3083.5,3083.5,3083.5,0,0,0
2014-08-21,3124.56,3124.56,3124.56,3124.56,0,0,0
2014-08-22,3098.5,3098.5,3098.5,3098.5,0,0,0
2014-08-25,3165.47,3165.47,3165.47,3165.47,0,0,0
2014-08-26,3197.54,3197.54,3197.54,3197.54,0,0,0
2014-08-27,3194.45,3194.45,3194.45,3194.45,0,0,0
2014-08-28,3164.44,3164.44,3164.44,3164.44,0,0,0
2014-08-29,3172.63,3172.63,3172.63,3172.63,0,0,0
2014-09-01,3175.05,3175.05,3175.05,3175.05,0,0,0
2014-09-02,3180.29,3180.29,3180.29,3180.29,0,0,0
2014-09-03,3218.84,3218.84,3218.84,3218.84,0,0,0
2014-09-04,3277.25,3277.25,3277.25,3277.25,0,0,0
2014-09-05,3275.25,3275.25,3275.25,3275.25,0,0,0
2014-09-08,3267.54,3267.54,3267.54,3267.54,0,0,0
2014-09-09,3245.43,3245.43,3245.43,3245.43,0,0,0
2014-09-10,3244.16,3244.16,3244.16,3244.16,0,0,0
2014-09-11,3237.76,3237.76,3237.76,3237.76,0,0,0
2014-09-12,3235.07,3235.07,3235.07,3235.07,0,0,0
2014-09-15,3231.7,3231.7,3231.7,3231.7,0,0,0
2014-09-16,3221.73,3221.73,3221.73,3221.73,0,0,0
2014-09-17,3237.44,3237.44,3237.44,3237.44,0,0,0
2014-09-18,3271.37,3271.37,3271.37,3271.37,0,0,0
2014-09-19,3273.25,3273.25,3273.25,3273.25,0,0,0
2014-09-22,3257.48,3257.48,3257.48,3257.48,0,0,0
2014-09-23,3205.93,3205.93,3205.93,3205.93,0,0,0
2014-09-24,3244.01,3244.01,3244.01,3244.01,0,0,0
2014-09-25,3202.31,3202.31,3202.31,3202.31,0,0,0
2014-09-26,3219.58,3219.58,3219.58,3219.58,0,0,0
2014-09-29,3186.95,3186.95,3186.95,3186.95,0,0,0
2014-09-30,3225.93,3225.93,3225.93,3225.93,0,0,0
2014-10-01,3195.08,3195.08,3195.08,3195.08,0,0,0
2014-10-02,3106.42,3106.42,3106.42,3106.42,0,0,0
2014-10-03,3133.37,3133.37,3133.37,3133.37,0,0,0
2014-10-06,3138.67,3138.67,3138.67,3138.67,0,0,0
2014-10-07,3082.1,3082.1,3082.1,3082.1,0,0,0
2014-10-08,3053.31,3053.31,3053.31,3053.31,0,0,0
2014-10-09,3042.45,3042.45,3042.45,3042.45,0,0,0
2014-10-10,2991.5,2991.5,2991.5,2991.5,0,0,0
2014-10-13,2998.32,2998.32,2998.32,2998.32,0,0,0
2014-10-14,3000.99,3000.99,3000.99,3000.99,0,0,0
2014-10-15,2892.55,2892.55,2892.55,2892.55,0,0,0
2014-10-16,2874.65,2874.65,2874.65,2874.65,0,0,0
2014-10-17,2962.24,2962.24,2962.24,2962.24,0,0,0
2014-10-20,2927.3,2927.3,2927.3,2927.3,0,0,0
2014-10-21,2991.46,2991.46,2991.46,2991.46,0,0,0
2014-10-22,3008.53,3008.53,3008.53,3008.53,0,0,0
2014-10-23,3044.3,3044.3,3044.3,3044.3,0,0,0
2014-10-24,3030.37,3030.37,3030.37,3030.37,0,0,0
2014-10-27,2998.84,2998.84,2998.84,2998.84,0,0,0
2014-10-28,3036.15,3036.15,3036.15,3036.15,0,0,0
2014-10-29,3022.42,3022.42,3022.42,3022.42,0,0,0
2014-10-30,3035.9,3035.9,3035.9,3035.9,0,0,0
2014-10-31,3113.32,3113.32,3113.32,3113.32,0,0,0
2014-11-03,3082.32,3082.32,3082.32,3082.32,0,0,0
2014-11-04,3034.24,3034.24,3034.24,3034.24,0,0,0
2014-11-05,3091.54,3091.54,3091.54,3091.54,0,0,0
2014-11-06,3102.07,3102.07,3102.07,3102.07,0,0,0
2014-11-07,3064.92,3064.92,3064.92,3064.92,0,0,0
2014-11-10,3094.6,3094.6,3094.6,3094.6,0,0,0
2014-11-11,3104.59,3104.59,3104.59,3104.59,0,0,0
2014-11-12,3047.3,3047.3,3047.3,3047.3,0,0,0
2014-11-13,3056.8,3056.8,3056.8,3056.8,0,0,0
2014-11-14,3059.99,3059.99,3059.99,3059.99,0,0,0
2014-11-17,3084.79,3084.79,3084.79,3084.79,0,0,0
2014-11-18,3120.42,3120.42,3120.42,3120.42,0,0,0
2014-11-19,3123.12,3123.12,3123.12,3123.12,0,0,0
2014-11-20,3102.21,3102.21,3102.21,3102.21,0,0,0
2014-11-21,3194.22,3194.22,3194.22,3194.22,0,0,0
2014-11-24,3211.7,3211.7,3211.7,3211.7,0,0,0
2014-11-25,3226.15,3226.15,3226.15,3226.15,0,0,0
2014-11-26,3226.08,3226.08,3226.08,3226.08,0,0,0
2014-11-27,3244.92,3244.92,3244.92,3244.92,0,0,0
2014-11-28,3250.93,3250.93,3250.93,3250.93,0,0,0
2014-12-01,3232.91,3232.91,3232.91,3232.91,0,0,0
2014-12-02,3238.35,3238.35,3238.35,3238.35,0,0,0
2014-12-03,3247.72,3247.72,3247.72,3247.72,0,0,0
2014-12-04,3191.25,3191.25,3191.25,3191.25,0,0,0
2014-12-05,3277.38,3277.38,3277.38,3277.38,0,0,0
2014-12-08,3247.99,3247.99,3247.99,3247.99,0,0,0
2014-12-09,3162.77,3162.77,3162.77,3162.77,0,0,0
2014-12-10,3150.95,3150.95,3150.95,3150.95,0,0,0
2014-12-11,3159.11,3159.11,3159.11,3159.11,0,0,0
2014-12-12,3067.32,3067.32,3067.32,3067.32,0,0,0
2014-12-15,2982.9,2982.9,2982.9,2982.9,0,0,0
2014-12-16,3049.99,3049.99,3049.99,3049.99,0,0,0
2014-12-17,3051.99,3051.99,3051.99,3051.99,0,0,0
2014-12-18,3153.77,3153.77,3153.77,3153.77,0,0,0
2014-12-19,3141.28,3141.28,3141.28,3141.28,0,0,0
2014-12-22,3154.91,3154.91,3154.91,3154.91,0,0,0
2014-12-23,3192.47,3192.47,3192.47,3192.47,0,0,0
2014-12-29,3185.17,3185.17,3185.17,3185.17,0,0,0
2014-12-30,3135.95,3135.95,3135.95,3135.95,0,0,0
2015-01-05,3023.14,3023.14,3023.14,3023.14,0,0,0
2015-01-06,3007.91,3007.91,3007.91,3007.91,0,0,0
2015-01-07,3026.79,3026.79,3026.79,3026.79,0,0,0
2015-01-08,3135.08,3135.08,3135.08,3135.08,0,0,0
2015-01-09,3042.9,3042.9,3042.9,3042.9,0,0,0
2015-01-12,3084.18,3084.18,3084.18,3084.18,0,0,0
2015-01-13,3133.86,3133.86,3133.86,3133.86,0,0,0
2015-01-14,3089.67,3089.67,3089.67,3089.67,0,0,0
2015-01-15,3157.36,3157.36,3157.36,3157.36,0,0,0
2015-01-16,3202.24,3202.24,3202.24,3202.24,0,0,0
2015-01-19,3220.9,3220.9,3220.9,3220.9,0,0,0
2015-01-20,3244.92,3244.92,3244.92,3244.92,0,0,0
2015-01-21,3269.73,3269.73,3269.73,3269.73,0,0,0
2015-01-22,3322.65,3322.65,3322.65,3322.65,0,0,0
2015-01-23,3382.55,3382.55,3382.55,3382.55,0,0,0
2015-01-26,3414.28,3414.28,3414.28,3414.28,0,0,0
2015-01-27,3372.58,3372.58,3372.58,3372.58,0,0,0
2015-01-28,3358.96,3358.96,3358.96,3358.96,0,0,0
2015-01-29,3371.83,3371.83,3371.83,3371.83,0,0,0
2015-01-30,3351.44,3351.44,3351.44,3351.44,0,0,0
2015-02-02,3370.11,3370.11,3370.11,3370.11,0,0,0
2015-02-03,3414.18,3414.18,3414.18,3414.18,0,0,0
2015-02-04,3415.53,3415.53,3415.53,3415.53,0,0,0
2015-02-05,3408.96,3408.96,3408.96,3408.96,0,0,0
2015-02-06,3398.16,3398.16,3398.16,3398.16,0,0,0
2015-02-09,3347.75,3347.75,3347.75,3347.75,0,0,0
2015-02-10,3383.13,3383.13,3383.13,3383.13,0,0,0
2015-02-11,3374.14,3374.14,3374.14,3374.14,0,0,0
2015-02-12,3417.61,3417.61,3417.61,3417.61,0,0,0
2015-02-13,3447.59,3447.59,3447.59,3447.59,0,0,0
2015-02-16,3433.3,3433.3,3433.3,3433.3,0,0,0
2015-02-17,3438.44,3438.44,3438.44,3438.44,0,0,0
2015-02-18,3465.8,3465.8,3465.8,3465.8,0,0,0
2015-02-19,3488.08,3488.08,3488.08,3488.08,0,0,0
2015-02-20,3490.53,3490.53,3490.53,3490.53,0,0,0
2015-02-23,3519.58,3519.58,3519.58,3519.58,0,0,0
2015-02-24,3547.1,3547.1,3547.1,3547.1,0,0,0
2015-02-25,3541.78,3541.78,3541.78,3541.78,0,0,0
2015-02-26,3574.94,3574.94,3574.94,3574.94,0,0,0
2015-02-27,3599.0,3599.0,3599.0,3599.0,0,0,0
2015-03-02,3591.09,3591.09,3591.09,3591.09,0,0,0
2015-03-03,3549.11,3549.11,3549.11,3549.11,0,0,0
2015-03-04,3583.44,3583.44,3583.44,3583.44,0,0,0
2015-03-05,3618.21,3618.21,3618.21,3618.21,0,0,0
2015-03-06,3617.62,3617.62,3617.62,3617.62,0,0,0
2015-03-09,3610.28,3610.28,3610.28,3610.28,0,0,0
2015-03-10,3567.25,3567.25,3567.25,3567.25,0,0,0
2015-03-11,3649.54,3649.54,3649.54,3649.54,0,0,0
2015-03-12,3641.32,3641.32,3641.32,3641.32,0,0,0
2015-03-13,3656.21,3656.21,3656.21,3656.21,0,0,0
2015-03-16,3706.75,3706.75,3706.75,3706.75,0,0,0
2015-03-17,3672.16,3672.16,3672.16,3672.16,0,0,0
2015-03-18,3668.52,3668.52,3668.52,3668.52,0,0,0
2015-03-19,3670.73,3670.73,3670.73,3670.73,0,0,0
2015-03-20,3726.07,3726.07,3726.07,3726.07,0,0,0
2015-03-23,3699.04,3699.04,3699.04,3699.04,0,0,0
2015-03-24,3731.35,3731.35,3731.35,3731.35,0,0,0
2015-03-25,3684.04,3684.04,3684.04,3684.04,0,0,0
2015-03-26,3669.79,3669.79,3669.79,3669.79,0,0,0
2015-03-27,3679.03,3679.03,3679.03,3679.03,0,0,0
2015-03-30,3727.8,3727.8,3727.8,3727.8,0,0,0
2015-03-31,3697.38,3697.38,3697.38,3697.38,0,0,0
2015-04-01,3714.89,3714.89,3714.89,3714.89,0,0,0
2015-04-02,3715.27,3715.27,3715.27,3715.27,0,0,0
2015-04-07,3768.72,3768.72,3768.72,3768.72,0,0,0
2015-04-08,3742.63,3742.63,3742.63,3742.63,0,0,0
2015-04-09,3781.79,3781.79,3781.79,3781.79,0,0,0
2015-04-10,3816.76,3816.76,3816.76,3816.76,0,0,0
2015-04-13,3828.78,3828.78,3828.78,3828.78,0,0,0
2015-04-14,3784.53,3784.53,3784.53,3784.53,0,0,0
2015-04-15,3803.55,3803.55,3803.55,3803.55,0,0,0
2015-04-16,3751.72,3751.72,3751.72,3751.72,0,0,0
2015-04-17,3674.05,3674.05,3674.05,3674.05,0,0,0
2015-04-20,3718.04,3718.04,3718.04,3718.04,0,0,0
2015-04-21,3719.38,3719.38,3719.38,3719.38,0,0,0
2015-04-22,3724.49,3724.49,3724.49,3724.49,0,0,0
2015-04-23,3697.88,3697.88,3697.88,3697.88,0,0,0
2015-04-24,3713.96,3713.96,3713.96,3713.96,0,0,0
2015-04-27,3771.45,3771.45,3771.45,3771.45,0,0,0
2015-04-28,3715.42,3715.42,3715.42,3715.42,0,0,0
2015-04-29,3617.11,3617.11,3617.11,3617.11,0,0,0
2015-04-30,3615.59,3615.59,3615.59,3615.59,0,0,0
2015-05-04,3632.94,3632.94,3632.94,3632.94,0,0,0
2015-05-05,3546.56,3546.56,3546.56,3546.56,0,0,0
2015-05-06,3558.03,3558.03,3558.03,3558.03,0,0,0
2015-05-07,3556.21,3556.21,3556.21,3556.21,0,0,0
2015-05-08,3649.48,3649.48,3649.48,3649.48,0,0,0
2015-05-11,3624.41,3624.41,3624.41,3624.41,0,0,0
2015-05-12,3573.1,3573.1,3573.1,3573.1,0,0,0
2015-05-13,3553.42,3553.42,3553.42,3553.42,0,0,0
2015-05-15,3573.07,3573.07,3573.07,3573.07,0,0,0
2015-05-18,3589.22,3589.22,3589.22,3589.22,0,0,0
2015-05-19,3670.52,3670.52,3670.52,3670.52,0,0,0
2015-05-20,3683.48,3683.48,3683.48,3683.48,0,0,0
2015-05-21,3688.72,3688.72,3688.72,3688.72,0,0,0
2015-05-22,3679.14,3679.14,3679.14,3679.14,0,0,0
2015-05-26,3619.3,3619.3,3619.3,3619.3,0,0,0
2015-05-27,3682.87,3682.87,3682.87,3682.87,0,0,0
2015-05-28,3650.71,3650.71,3650.71,3650.71,0,0,0
2015-05-29,3570.78,3570.78,3570.78,3570.78,0,0,0
2015-06-01,3575.04,3575.04,3575.04,3575.04,0,0,0
2015-06-02,3561.89,3561.89,3561.89,3561.89,0,0,0
2015-06-03,3583.82,3583.82,3583.82,3583.82,0,0,0
2015-06-04,3556.38,3556.38,3556.38,3556.38,0,0,0
2015-06-05,3510.01,3510.01,3510.01,3510.01,0,0,0
2015-06-08,3468.31,3468.31,3468.31,3468.31,0,0,0
2015-06-09,3456.79,3456.79,3456.79,3456.79,0,0,0
2015-06-10,3526.48,3526.48,3526.48,3526.48,0,0,0
2015-06-11,3551.91,3551.91,3551.91,3551.91,0,0,0
2015-06-12,3502.77,3502.77,3502.77,3502.77,0,0,0
2015-06-15,3438.07,3438.07,3438.07,3438.07,0,0,0
2015-06-16,3454.09,3454.09,3454.09,3454.09,0,0,0
2015-06-17,3428.76,3428.76,3428.76,3428.76,0,0,0
2015-06-18,3450.45,3450.45,3450.45,3450.45,0,0,0
2015-06-19,3455.8,3455.8,3455.8,3455.8,0,0,0
2015-06-22,3596.07,3596.07,3596.07,3596.07,0,0,0
2015-06-23,3625.97,3625.97,3625.97,3625.97,0,0,0
2015-06-24,3610.95,3610.95,3610.95,3610.95,0,0,0
2015-06-25,3610.91,3610.91,3610.91,3610.91,0,0,0
2015-06-26,3621.37,3621.37,3621.37,3621.37,0,0,0
2015-06-29,3468.9,3468.9,3468.9,3468.9,0,0,0
2015-06-30,3424.3,3424.3,3424.3,3424.3,0,0,0
2015-07-01,3496.28,3496.28,3496.28,3496.28,0,0,0
2015-07-02,3463.25,3463.25,3463.25,3463.25,0,0,0
2015-07-03,3441.76,3441.76,3441.76,3441.76,0,0,0
2015-07-06,3365.2,3365.2,3365.2,3365.2,0,0,0
2015-07-07,3294.19,3294.19,3294.19,3294.19,0,0,0
2015-07-08,3327.5,3327.5,3327.5,3327.5,0,0,0
2015-07-09,3420.03,3420.03,3420.03,3420.03,0,0,0
2015-07-10,3528.81,3528.81,3528.81,3528.81,0,0,0
2015-07-13,3590.43,3590.43,3590.43,3590.43,0,0,0
2015-07-14,3607.19,3607.19,3607.19,3607.19,0,0,0
2015-07-15,3623.87,3623.87,3623.87,3623.87,0,0,0
2015-07-16,3676.41,3676.41,3676.41,3676.41,0,0,0
2015-07-17,3670.34,3670.34,3670.34,3670.34,0,0,0
2015-07-20,3686.58,3686.58,3686.58,3686.58,0,0,0
2015-07-21,3647.96,3647.96,3647.96,3647.96,0,0,0
2015-07-22,3635.58,3635.58,3635.58,3635.58,0,0,0
2015-07-23,3634.64,3634.64,3634.64,3634.64,0,0,0
2015-07-24,3600.0,3600.0,3600.0,3600.0,0,0,0
2015-07-27,3513.1,3513.1,3513.1,3513.1,0,0,0
2015-07-28,3554.11,3554.11,3554.11,3554.11,0,0,0
2015-07-29,3575.53,3575.53,3575.53,3575.53,0,0,0
2015-07-30,3583.79,3583.79,3583.79,3583.79,0,0,0
2015-07-31,3600.69,3600.69,3600.69,3600.69,0,0,0
2015-08-03,3635.4,3635.4,3635.4,3635.4,0,0,0
2015-08-04,3619.31,3619.31,3619.31,3619.31,0,0,0
2015-08-05,3676.75,3676.75,3676.75,3676.75,0,0,0
2015-08-06,3668.47,3668.47,3668.47,3668.47,0,0,0
2015-08-07,3637.8,3637.8,3637.8,3637.8,0,0,0
2015-08-10,3674.94,3674.94,3674.94,3674.94,0,0,0
2015-08-12,3484.41,3484.41,3484.41,3484.41,0,0,0
2015-08-17,3497.9,3497.9,3497.9,3497.9,0,0,0
2015-08-19,3429.84,3429.84,3429.84,3429.84,0,0,0
2015-08-20,3353.48,3353.48,3353.48,3353.48,0,0,0
2015-08-21,3247.26,3247.26,3247.26,3247.26,0,0,0
2015-08-24,3073.39,3073.39,3073.39,3073.39,0,0,0
2015-08-25,3218.01,3218.01,3218.01,3218.01,0,0,0
2015-08-26,3170.73,3170.73,3170.73,3170.73,0,0,0
2015-08-27,3280.78,3280.78,3280.78,3280.78,0,0,0
2015-08-28,3286.59,3286.59,3286.59,3286.59,0,0,0
2015-08-31,3269.63,3269.63,3269.63,3269.63,0,0,0
2015-09-01,3188.73,3188.73,3188.73,3188.73,0,0,0
2015-09-02,3198.86,3198.86,3198.86,3198.86,0,0,0
2015-09-03,3270.09,3270.09,3270.09,3270.09,0,0,0
2015-09-04,3180.25,3180.25,3180.25,3180.25,0,0,0
2015-09-07,3197.97,3197.97,3197.97,3197.97,0,0,0
2015-09-08,3233.84,3233.84,3233.84,3233.84,0,0,0
2015-09-10,3221.14,3221.14,3221.14,3221.14,0,0,0
2015-09-11,3187.94,3187.94,3187.94,3187.94,0,0,0
2015-09-14,3175.62,3175.62,3175.62,3175.62,0,0,0
2015-09-15,3207.6,3207.6,3207.6,3207.6,0,0,0
2015-09-16,3251.79,3251.79,3251.79,3251.79,0,0,0
2015-09-17,3255.79,3255.79,3255.79,3255.79,0,0,0
2015-09-18,3157.3,3157.3,3157.3,3157.3,0,0,0
2015-09-22,3076.05,3076.05,3076.05,3076.05,0,0,0
2015-09-23,3079.99,3079.99,3079.99,3079.99,0,0,0
2015-09-24,3019.34,3019.34,3019.34,3019.34,0,0,0
2015-09-25,3113.16,3113.16,3113.16,3113.16,0,0,0
2015-09-28,3039.44,3039.44,3039.44,3039.44,0,0,0
2015-09-29,3029.86,3029.86,3029.86,3029.86,0,0,0
2015-09-30,3100.67,3100.67,3100.67,3100.67,0,0,0
2015-10-01,3069.05,3069.05,3069.05,3069.05,0,0,0
2015-10-02,3088.18,3088.18,3088.18,3088.18,0,0,0
2015-10-05,3190.39,3190.39,3190.39,3190.39,0,0,0
2015-10-06,3220.09,3220.09,3220.09,3220.09,0,0,0
2015-10-07,3226.4,3226.4,3226.4,3226.4,0,0,0
2015-10-08,3224.96,3224.96,3224.96,3224.96,0,0,0
2015-10-09,3250.31,3250.31,3250.31,3250.31,0,0,0
2015-10-12,3247.33,3247.33,3247.33,3247.33,0,0,0
2015-10-13,3221.28,3221.28,3221.28,3221.28,0,0,0
2015-10-14,3191.57,3191.57,3191.57,3191.57,0,0,0
2015-10-15,3238.81,3238.81,3238.81,3238.81,0,0,0
2015-10-16,3264.93,3264.93,3264.93,3264.93,0,0,0
2015-10-19,3272.04,3272.04,3272.04,3272.04,0,0,0
2015-10-20,3255.72,3255.72,3255.72,3255.72,0,0,0
2015-10-21,3272.23,3272.23,3272.23,3272.23,0,0,0
2015-10-22,3353.11,3353.11,3353.11,3353.11,0,0,0
2015-10-23,3425.81,3425.81,3425.81,3425.81,0,0,0
2015-10-26,3414.6,3414.6,3414.6,3414.6,0,0,0
2015-10-27,3381.01,3381.01,3381.01,3381.01,0,0,0
2015-10-28,3421.09,3421.09,3421.09,3421.09,0,0,0
2015-10-29,3413.39,3413.39,3413.39,3413.39,0,0,0
2015-10-30,3418.23,3418.23,3418.23,3418.23,0,0,0
2015-11-02,3434.5,3434.5,3434.5,3434.5,0,0,0
2015-11-03,3442.68,3442.68,3442.68,3442.68,0,0,0
2015-11-04,3439.16,3439.16,3439.16,3439.16,0,0,0
2015-11-05,3447.49,3447.49,3447.49,3447.49,0,0,0
2015-11-06,3468.21,3468.21,3468.21,3468.21,0,0,0
2015-11-09,3418.36,3418.36,3418.36,3418.36,0,0,0
2015-11-10,3425.4,3425.4,3425.4,3425.4,0,0,0
2015-11-11,3448.42,3448.42,3448.42,3448.42,0,0,0
2015-11-12,3387.7,3387.7,3387.7,3387.7,0,0,0
2015-11-13,3360.65,3360.65,3360.65,3360.65,0,0,0
2015-11-16,3362.23,3362.23,3362.23,3362.23,0,0,0
2015-11-17,3451.94,3451.94,3451.94,3451.94,0,0,0
2015-11-18,3431.92,3431.92,3431.92,3431.92,0,0,0
2015-11-19,3448.93,3448.93,3448.93,3448.93,0,0,0
2015-11-20,3452.45,3452.45,3452.45,3452.45,0,0,0
2015-11-23,3445.26,3445.26,3445.26,3445.26,0,0,0
2015-11-24,3409.6,3409.6,3409.6,3409.6,0,0,0
2015-11-25,3462.06,3462.06,3462.06,3462.06,0,0,0
2015-11-26,3498.62,3498.62,3498.62,3498.62,0,0,0
2015-11-27,3488.99,3488.99,3488.99,3488.99,0,0,0
2015-11-30,3506.45,3506.45,3506.45,3506.45,0,0,0
2015-12-01,3479.64,3479.64,3479.64,3479.64,0,0,0
2015-12-02,3468.66,3468.66,3468.66,3468.66,0,0,0
2015-12-03,3343.34,3343.34,3343.34,3343.34,0,0,0
2015-12-04,3330.75,3330.75,3330.75,3330.75,0,0,0
2015-12-07,3360.21,3360.21,3360.21,3360.21,0,0,0
2015-12-08,3297.46,3297.46,3297.46,3297.46,0,0,0
2015-12-09,3277.21,3277.21,3277.21,3277.21,0,0,0
2015-12-10,3269.97,3269.97,3269.97,3269.97,0,0,0
2015-12-11,3203.21,3203.21,3203.21,3203.21,0,0,0
2015-12-14,3139.24,3139.24,3139.24,3139.24,0,0,0
2015-12-15,3241.51,3241.51,3241.51,3241.51,0,0,0
2015-12-16,3246.78,3246.78,3246.78,3246.78,0,0,0
2015-12-17,3306.47,3306.47,3306.47,3306.47,0,0,0
2015-12-18,3260.73,3260.73,3260.73,3260.73,0,0,0
2015-12-21,3213.01,3213.01,3213.01,3213.01,0,0,0
2015-12-22,3214.32,3214.32,3214.32,3214.32,0,0,0
2015-12-23,3286.68,3286.68,3286.68,3286.68,0,0,0
2015-12-28,3256.49,3256.49,3256.49,3256.49,0,0,0
2015-12-29,3314.28,3314.28,3314.28,3314.28,0,0,0
2015-12-30,3287.98,3287.98,3287.98,3287.98,0,0,0
2016-01-04,3164.76,3164.76,3164.76,3164.76,0,0,0
2016-01-05,3178.01,3178.01,3178.01,3178.01,0,0,0
2016-01-06,3139.32,3139.32,3139.32,3139.32,0,0,0
2016-01-07,3084.68,3084.68,3084.68,3084.68,0,0,0
2016-01-08,3033.47,3033.47,3033.47,3033.47,0,0,0
2016-01-11,3027.49,3027.49,3027.49,3027.49,0,0,0
2016-01-12,3064.66,3064.66,3064.66,3064.66,0,0,0
2016-01-13,3073.02,3073.02,3073.02,3073.02,0,0,0
2016-01-14,3024.0,3024.0,3024.0,3024.0,0,0,0
2016-01-15,2952.48,2952.48,2952.48,2952.48,0,0,0
2016-01-18,2935.39,2935.39,2935.39,2935.39,0,0,0
2016-01-19,2980.49,2980.49,2980.49,2980.49,0,0,0
2016-01-20,2882.59,2882.59,2882.59,2882.59,0,0,0
2016-01-21,2943.92,2943.92,2943.92,2943.92,0,0,0
2016-01-22,3023.21,3023.21,3023.21,3023.21,0,0,0
2016-01-25,3001.78,3001.78,3001.78,3001.78,0,0,0
2016-01-26,3032.84,3032.84,3032.84,3032.84,0,0,0
2016-01-27,3043.47,3043.47,3043.47,3043.47,0,0,0
2016-01-28,2979.42,2979.42,2979.42,2979.42,0,0,0
2016-01-29,3045.09,3045.09,3045.09,3045.09,0,0,0
2016-02-01,3021.01,3021.01,3021.01,3021.01,0,0,0
2016-02-02,2951.85,2951.85,2951.85,2951.85,0,0,0
2016-02-03,2896.63,2896.63,2896.63,2896.63,0,0,0
2016-02-04,2905.3,2905.3,2905.3,2905.3,0,0,0
2016-02-05,2879.39,2879.39,2879.39,2879.39,0,0,0
2016-02-08,2785.17,2785.17,2785.17,2785.17,0,0,0
2016-02-09,2736.5,2736.5,2736.5,2736.5,0,0,0
2016-02-10,2789.05,2789.05,2789.05,2789.05,0,0,0
2016-02-11,2680.35,2680.35,2680.35,2680.35,0,0,0
2016-02-12,2756.16,2756.16,2756.16,2756.16,0,0,0
2016-02-15,2833.86,2833.86,2833.86,2833.86,0,0,0
2016-02-16,2821.26,2821.26,2821.26,2821.26,0,0,0
2016-02-17,2897.72,2897.72,2897.72,2897.72,0,0,0
2016-02-18,2895.15,2895.15,2895.15,2895.15,0,0,0
2016-02-19,2871.05,2871.05,2871.05,2871.05,0,0,0
2016-02-22,2933.91,2933.91,2933.91,2933.91,0,0,0
2016-02-23,2887.38,2887.38,2887.38,2887.38,0,0,0
2016-02-24,2820.24,2820.24,2820.24,2820.24,0,0,0
2016-02-25,2877.42,2877.42,2877.42,2877.42,0,0,0
2016-02-26,2929.16,2929.16,2929.16,2929.16,0,0,0
2016-02-29,2945.75,2945.75,2945.75,2945.75,0,0,0
2016-03-01,2996.39,2996.39,2996.39,2996.39,0,0,0
2016-03-02,3022.14,3022.14,3022.14,3022.14,0,0,0
2016-03-03,3012.87,3012.87,3012.87,3012.87,0,0,0
2016-03-04,3037.35,3037.35,3037.35,3037.35,0,0,0
2016-03-07,3021.09,3021.09,3021.09,3021.09,0,0,0
2016-03-08,3002.01,3002.01,3002.01,3002.01,0,0,0
2016-03-09,3016.18,3016.18,3016.18,3016.18,0,0,0
2016-03-10,2970.78,2970.78,2970.78,2970.78,0,0,0
2016-03-11,3073.8,3073.8,3073.8,3073.8,0,0,0
2016-03-14,3091.98,3091.98,3091.98,3091.98,0,0,0
2016-03-15,3067.21,3067.21,3067.21,3067.21,0,0,0
2016-03-16,3062.05,3062.05,3062.05,3062.05,0,0,0
2016-03-17,3043.1,3043.1,3043.1,3043.1,0,0,0
2016-03-18,3059.77,3059.77,3059.77,3059.77,0,0,0
2016-03-21,3048.77,3048.77,3048.77,3048.77,0,0,0
2016-03-23,3042.42,3042.42,3042.42,3042.42,0,0,0
2016-03-24,2986.73,2986.73,2986.73,2986.73,0,0,0
2016-03-29,3004.87,3004.87,3004.87,3004.87,0,0,0
2016-03-30,3044.1,3044.1,3044.1,3044.1,0,0,0
2016-03-31,3004.93,3004.93,3004.93,3004.93,0,0,0
2016-04-01,2953.28,2953.28,2953.28,2953.28,0,0,0
2016-04-04,2962.28,2962.28,2962.28,2962.28,0,0,0
2016-04-06,2909.36,2909.36,2909.36,2909.36,0,0,0
2016-04-07,2871.57,2871.57,2871.57,2871.57,0,0,0
2016-04-08,2911.98,2911.98,2911.98,2911.98,0,0,0
2016-04-11,2924.23,2924.23,2924.23,2924.23,0,0,0
2016-04-12,2942.09,2942.09,2942.09,2942.09,0,0,0
2016-04-14,3060.86,3060.86,3060.86,3060.86,0,0,0
2016-04-15,3054.34,3054.34,3054.34,3054.34,0,0,0
2016-04-18,3064.03,3064.03,3064.03,3064.03,0,0,0
2016-04-19,3112.99,3112.99,3112.99,3112.99,0,0,0
2016-04-20,3142.52,3142.52,3142.52,3142.52,0,0,0
2016-04-21,3151.69,3151.69,3151.69,3151.69,0,0,0
2016-04-22,3141.12,3141.12,3141.12,3141.12,0,0,0
2016-04-26,3121.29,3121.29,3121.29,3121.29,0,0,0
2016-04-27,3130.43,3130.43,3130.43,3130.43,0,0,0
2016-04-28,3125.43,3125.43,3125.43,3125.43,0,0,0
2016-04-29,3028.21,3028.21,3028.21,3028.21,0,0,0
2016-05-02,3032.6,3032.6,3032.6,3032.6,0,0,0
2016-05-03,2974.2,2974.2,2974.2,2974.2,0,0,0
2016-05-04,2938.75,2938.75,2938.75,2938.75,0,0,0
2016-05-06,2936.84,2936.84,2936.84,2936.84,0,0,0
2016-05-09,2955.83,2955.83,2955.83,2955.83,0,0,0
2016-05-10,2978.97,2978.97,2978.97,2978.97,0,0,0
2016-05-11,2956.71,2956.71,2956.71,2956.71,0,0,0
2016-05-12,2935.46,2935.46,2935.46,2935.46,0,0,0
2016-05-13,2956.63,2956.63,2956.63,2956.63,0,0,0
2016-05-17,2938.09,2938.09,2938.09,2938.09,0,0,0
2016-05-18,2956.43,2956.43,2956.43,2956.43,0,0,0
2016-05-19,2919.22,2919.22,2919.22,2919.22,0,0,0
2016-05-20,2962.16,2962.16,2962.16,2962.16,0,0,0
2016-05-23,2932.93,2932.93,2932.93,2932.93,0,0,0
2016-05-24,3010.12,3010.12,3010.12,3010.12,0,0,0
2016-05-25,3061.6,3061.6,3061.6,3061.6,0,0,0
2016-05-26,3071.21,3071.21,3071.21,3071.21,0,0,0
2016-05-27,3078.48,3078.48,3078.48,3078.48,0,0,0
2016-05-30,3090.01,3090.01,3090.01,3090.01,0,0,0
2016-05-31,3063.48,3063.48,3063.48,3063.48,0,0,0
2016-06-01,3038.77,3038.77,3038.77,3038.77,0,0,0
2016-06-02,3033.86,3033.86,3033.86,3033.86,0,0,0
2016-06-03,2997.55,2997.55,2997.55,2997.55,0,0,0
2016-06-06,3001.9,3001.9,3001.9,3001.9,0,0,0
2016-06-07,3040.69,3040.69,3040.69,3040.69,0,0,0
2016-06-08,3019.76,3019.76,3019.76,3019.76,0,0,0
2016-06-09,2989.03,2989.03,2989.03,2989.03,0,0,0
2016-06-10,2911.11,2911.11,2911.11,2911.11,0,0,0
2016-06-13,2853.52,2853.52,2853.52,2853.52,0,0,0
2016-06-14,2797.18,2797.18,2797.18,2797.18,0,0,0
2016-06-15,2830.3,2830.3,2830.3,2830.3,0,0,0
2016-06-16,2819.3,2819.3,2819.3,2819.3,0,0,0
2016-06-17,2849.17,2849.17,2849.17,2849.17,0,0,0
2016-06-20,2942.88,2942.88,2942.88,2942.88,0,0,0
2016-06-21,2967.34,2967.34,2967.34,2967.34,0,0,0
2016-06-22,2978.31,2978.31,2978.31,2978.31,0,0,0
2016-06-23,3037.86,3037.86,3037.86,3037.86,0,0,0
2016-06-24,2776.09,2776.09,2776.09,2776.09,0,0,0
2016-06-27,2697.44,2697.44,2697.44,2697.44,0,0,0
2016-06-29,2832.18,2832.18,2832.18,2832.18,0,0,0
2016-06-30,2864.74,2864.74,2864.74,2864.74,0,0,0
2016-07-01,2883.06,2883.06,2883.06,2883.06,0,0,0
2016-07-04,2862.21,2862.21,2862.21,2862.21,0,0,0
2016-07-05,2812.88,2812.88,2812.88,2812.88,0,0,0
2016-07-06,2761.37,2761.37,2761.37,2761.37,0,0,0
2016-07-07,2780.1,2780.1,2780.1,2780.1,0,0,0
2016-07-08,2838.01,2838.01,2838.01,2838.01,0,0,0
2016-07-11,2885.32,2885.32,2885.32,2885.32,0,0,0
2016-07-12,2933.44,2933.44,2933.44,2933.44,0,0,0
2016-07-13,2926.14,2926.14,2926.14,2926.14,0,0,0
2016-07-14,2963.07,2963.07,2963.07,2963.07,0,0,0
2016-07-15,2958.65,2958.65,2958.65,2958.65,0,0,0
2016-07-18,2949.17,2949.17,2949.17,2949.17,0,0,0
2016-07-19,2931.1,2931.1,2931.1,2931.1,0,0,0
2016-07-20,2966.95,2966.95,2966.95,2966.95,0,0,0
2016-07-21,2968.49,2968.49,2968.49,2968.49,0,0,0
2016-07-22,2972.23,2972.23,2972.23,2972.23,0,0,0
2016-07-25,2973.22,2973.22,2973.22,2973.22,0,0,0
2016-07-26,2978.9,2978.9,2978.9,2978.9,0,0,0
2016-07-27,2999.48,2999.48,2999.48,2999.48,0,0,0
2016-07-28,2966.1,2966.1,2966.1,2966.1,0,0,0
2016-07-29,2990.76,2990.76,2990.76,2990.76,0,0,0
2016-08-02,2906.98,2906.98,2906.98,2906.98,0,0,0
2016-08-03,2911.06,2911.06,2911.06,2911.06,0,0,0
2016-08-04,2932.34,2932.34,2932.34,2932.34,0,0,0
2016-08-05,2973.71,2973.71,2973.71,2973.71,0,0,0
2016-08-08,2982.92,2982.92,2982.92,2982.92,0,0,0
2016-08-09,3029.18,3029.18,3029.18,3029.18,0,0,0
2016-08-10,3018.46,3018.46,3018.46,3018.46,0,0,0
2016-08-11,3049.03,3049.03,3049.03,3049.03,0,0,0
2016-08-12,3044.94,3044.94,3044.94,3044.94,0,0,0
2016-08-15,3046.65,3046.65,3046.65,3046.65,0,0,0
2016-08-16,3016.2,3016.2,3016.2,3016.2,0,0,0
2016-08-17,2980.54,2980.54,2980.54,2980.54,0,0,0
2016-08-18,2995.3,2995.3,2995.3,2995.3,0,0,0
2016-08-19,2968.2,2968.2,2968.2,2968.2,0,0,0
2016-08-22,2960.37,2960.37,2960.37,2960.37,0,0,0
2016-08-23,2993.73,2993.73,2993.73,2993.73,0,0,0
2016-08-24,3008.59,3008.59,3008.59,3008.59,0,0,0
2016-08-25,2987.69,2987.69,2987.69,2987.69,0,0,0
2016-08-26,3010.36,3010.36,3010.36,3010.36,0,0,0
2016-08-29,2998.5,2998.5,2998.5,2998.5,0,0,0
2016-08-30,3030.75,3030.75,3030.75,3030.75,0,0,0
2016-08-31,3023.13,3023.13,3023.13,3023.13,0,0,0
2016-09-01,3017.49,3017.49,3017.49,3017.49,0,0,0
2016-09-02,3079.74,3079.74,3079.74,3079.74,0,0,0
2016-09-05,3077.66,3077.66,3077.66,3077.66,0,0,0
2016-09-06,3070.16,3070.16,3070.16,3070.16,0,0,0
2016-09-07,3091.66,3091.66,3091.66,3091.66,0,0,0
2016-09-08,3083.54,3083.54,3083.54,3083.54,0,0,0
2016-09-09,3053.2,3053.2,3053.2,3053.2,0,0,0
2016-09-12,3012.88,3012.88,3012.88,3012.88,0,0,0
2016-09-13,2974.8,2974.8,2974.8,2974.8,0,0,0
2016-09-14,2964.9,2964.9,2964.9,2964.9,0,0,0
2016-09-15,2973.77,2973.77,2973.77,2973.77,0,0,0
2016-09-16,2935.25,2935.25,2935.25,2935.25,0,0,0
2016-09-19,2968.31,2968.31,2968.31,2968.31,0,0,0
2016-09-20,2964.86,2964.86,2964.86,2964.86,0,0,0
2016-09-21,2982.18,2982.18,2982.18,2982.18,0,0,0
2016-09-22,3051.69,3051.69,3051.69,3051.69,0,0,0
2016-09-23,3032.31,3032.31,3032.31,3032.31,0,0,0
2016-09-26,2975.88,2975.88,2975.88,2975.88,0,0,0
2016-09-27,2970.84,2970.84,2970.84,2970.84,0,0,0
2016-09-28,2991.11,2991.11,2991.11,2991.11,0,0,0
2016-09-29,2991.58,2991.58,2991.58,2991.58,0,0,0
2016-09-30,3002.24,3002.24,3002.24,3002.24,0,0,0
2016-10-03,2998.5,2998.5,2998.5,2998.5,0,0,0
2016-10-04,3029.5,3029.5,3029.5,3029.5,0,0,0
2016-10-05,3026.28,3026.28,3026.28,3026.28,0,0,0
2016-10-06,3021.58,3021.58,3021.58,3021.58,0,0,0
2016-10-07,3000.57,3000.57,3000.57,3000.57,0,0,0
2016-10-10,3035.76,3035.76,3035.76,3035.76,0,0,0
2016-10-11,3020.69,3020.69,3020.69,3020.69,0,0,0
2016-10-12,3008.03,3008.03,3008.03,3008.03,0,0,0
2016-10-13,2975.04,2975.04,2975.04,2975.04,0,0,0
2016-10-14,3025.19,3025.19,3025.19,3025.19,0,0,0
2016-10-17,3008.72,3008.72,3008.72,3008.72,0,0,0
2016-10-18,3046.99,3046.99,3046.99,3046.99,0,0,0
2016-10-19,3055.94,3055.94,3055.94,3055.94,0,0,0
2016-10-20,3076.63,3076.63,3076.63,3076.63,0,0,0
2016-10-21,3077.65,3077.65,3077.65,3077.65,0,0,0
2016-10-24,3093.86,3093.86,3093.86,3093.86,0,0,0
2016-10-25,3087.41,3087.41,3087.41,3087.41,0,0,0
2016-10-26,3080.98,3080.98,3080.98,3080.98,0,0,0
2016-10-27,3085.17,3085.17,3085.17,3085.17,0,0,0
2016-10-28,3079.24,3079.24,3079.24,3079.24,0,0,0
2016-10-31,3055.25,3055.25,3055.25,3055.25,0,0,0
2016-11-01,3023.15,3023.15,3023.15,3023.15,0,0,0
2016-11-02,2980.17,2980.17,2980.17,2980.17,0,0,0
2016-11-03,2973.49,2973.49,2973.49,2973.49,0,0,0
2016-11-04,2954.53,2954.53,2954.53,2954.53,0,0,0
2016-11-07,3009.28,3009.28,3009.28,3009.28,0,0,0
2016-11-08,3023.43,3023.43,3023.43,3023.43,0,0,0
2016-11-09,3056.29,3056.29,3056.29,3056.29,0,0,0
2016-11-10,3046.59,3046.59,3046.59,3046.59,0,0,0
2016-11-11,3030.02,3030.02,3030.02,3030.02,0,0,0
2016-11-14,3039.8,3039.8,3039.8,3039.8,0,0,0
2016-11-15,3049.72,3049.72,3049.72,3049.72,0,0,0
2016-11-16,3026.36,3026.36,3026.36,3026.36,0,0,0
2016-11-17,3041.79,3041.79,3041.79,3041.79,0,0,0
2016-11-18,3020.83,3020.83,3020.83,3020.83,0,0,0
2016-11-21,3032.97,3032.97,3032.97,3032.97,0,0,0
2016-11-22,3044.33,3044.33,3044.33,3044.33,0,0,0
2016-11-23,3032.15,3032.15,3032.15,3032.15,0,0,0
2016-11-24,3040.6,3040.6,3040.6,3040.6,0,0,0
2016-11-25,3048.38,3048.38,3048.38,3048.38,0,0,0
2016-11-28,3016.8,3016.8,3016.8,3016.8,0,0,0
2016-11-29,3038.42,3038.42,3038.42,3038.42,0,0,0
2016-11-30,3051.61,3051.61,3051.61,3051.61,0,0,0
2016-12-01,3030.98,3030.98,3030.98,3030.98,0,0,0
2016-12-02,3015.13,3015.13,3015.13,3015.13,0,0,0
2016-12-05,3052.75,3052.75,3052.75,3052.75,0,0,0
2016-12-06,3100.76,3100.76,3100.76,3100.76,0,0,0
2016-12-07,3142.24,3142.24,3142.24,3142.24,0,0,0
2016-12-08,3185.79,3185.79,3185.79,3185.79,0,0,0
2016-12-09,3197.54,3197.54,3197.54,3197.54,0,0,0
2016-12-12,3199.11,3199.11,3199.11,3199.11,0,0,0
2016-12-13,3236.71,3236.71,3236.71,3236.71,0,0,0
2016-12-14,3211.71,3211.71,3211.71,3211.71,0,0,0
2016-12-15,3249.74,3249.74,3249.74,3249.74,0,0,0
2016-12-16,3259.24,3259.24,3259.24,3259.24,0,0,0
2016-12-19,3257.85,3257.85,3257.85,3257.85,0,0,0
2016-12-20,3279.41,3279.41,3279.41,3279.41,0,0,0
2016-12-21,3270.75,3270.75,3270.75,3270.75,0,0,0
2016-12-22,3269.51,3269.51,3269.51,3269.51,0,0,0
2016-12-23,3273.97,3273.97,3273.97,3273.97,0,0,0
2016-12-27,3278.53,3278.53,3278.53,3278.53,0,0,0
2016-12-28,3278.72,3278.72,3278.72,3278.72,0,0,0
2016-12-29,3271.76,3271.76,3271.76,3271.76,0,0,0
2016-12-30,3290.52,3290.52,3290.52,3290.52,0,0,0
2017-01-03,3315.02,3315.02,3315.02,3315.02,0,0,0
2017-01-04,3317.52,3317.52,3317.52,3317.52,0,0,0
2017-01-05,3316.47,3316.47,3316.47,3316.47,0,0,0
2017-01-06,3321.17,3321.17,3321.17,3321.17,0,0,0
2017-01-09,3308.97,3308.97,3308.97,3308.97,0,0,0
2017-01-10,3306.21,3306.21,3306.21,3306.21,0,0,0
2017-01-11,3307.94,3307.94,3307.94,3307.94,0,0,0
2017-01-12,3286.7,3286.7,3286.7,3286.7,0,0,0
2017-01-13,3324.34,3324.34,3324.34,3324.34,0,0,0
2017-01-16,3294.53,3294.53,3294.53,3294.53,0,0,0
2017-01-17,3285.04,3285.04,3285.04,3285.04,0,0,0
2017-01-18,3294.0,3294.0,3294.0,3294.0,0,0,0
2017-01-19,3290.33,3290.33,3290.33,3290.33,0,0,0
2017-01-20,3299.44,3299.44,3299.44,3299.44,0,0,0
2017-01-23,3273.04,3273.04,3273.04,3273.04,0,0,0
2017-01-24,3281.53,3281.53,3281.53,3281.53,0,0,0
2017-01-25,3326.15,3326.15,3326.15,3326.15,0,0,0
2017-01-26,3319.13,3319.13,3319.13,3319.13,0,0,0
2017-01-27,3303.33,3303.33,3303.33,3303.33,0,0,0
2017-01-30,3262.72,3262.72,3262.72,3262.72,0,0,0
2017-01-31,3230.68,3230.68,3230.68,3230.68,0,0,0
2017-02-01,3258.92,3258.92,3258.92,3258.92,0,0,0
2017-02-02,3253.61,3253.61,3253.61,3253.61,0,0,0
2017-02-03,3273.11,3273.11,3273.11,3273.11,0,0,0
2017-02-06,3238.31,3238.31,3238.31,3238.31,0,0,0
2017-02-07,3235.71,3235.71,3235.71,3235.71,0,0,0
2017-02-08,3238.04,3238.04,3238.04,3238.04,0,0,0
2017-02-09,3277.79,3277.79,3277.79,3277.79,0,0,0
2017-02-10,3270.83,3270.83,3270.83,3270.83,0,0,0
2017-02-13,3305.23,3305.23,3305.23,3305.23,0,0,0
2017-02-14,3308.89,3308.89,3308.89,3308.89,0,0,0
2017-02-15,3323.71,3323.71,3323.71,3323.71,0,0,0
2017-02-16,3311.04,3311.04,3311.04,3311.04,0,0,0
2017-02-17,3308.81,3308.81,3308.81,3308.81,0,0,0
2017-02-20,3312.39,3312.39,3312.39,3312.39,0,0,0
2017-02-21,3339.33,3339.33,3339.33,3339.33,0,0,0
2017-02-22,3339.27,3339.27,3339.27,3339.27,0,0,0
2017-02-23,3333.96,3333.96,3333.96,3333.96,0,0,0
2017-02-24,3304.09,3304.09,3304.09,3304.09,0,0,0
2017-02-27,3309.3,3309.3,3309.3,3309.3,0,0,0
2017-02-28,3319.61,3319.61,3319.61,3319.61,0,0,0
2017-03-01,3390.2,3390.2,3390.2,3390.2,0,0,0
2017-03-02,3384.71,3384.71,3384.71,3384.71,0,0,0
2017-03-03,3403.39,3403.39,3403.39,3403.39,0,0,0
2017-03-06,3387.46,3387.46,3387.46,3387.46,0,0,0
2017-03-07,3385.12,3385.12,3385.12,3385.12,0,0,0
2017-03-08,3389.62,3389.62,3389.62,3389.62,0,0,0
2017-03-09,3409.89,3409.89,3409.89,3409.89,0,0,0
2017-03-10,3416.27,3416.27,3416.27,3416.27,0,0,0
2017-03-13,3415.49,3415.49,3415.49,3415.49,0,0,0
2017-03-14,3399.44,3399.44,3399.44,3399.44,0,0,0
2017-03-15,3409.32,3409.32,3409.32,3409.32,0,0,0
2017-03-16,3439.96,3439.96,3439.96,3439.96,0,0,0
2017-03-17,3448.41,3448.41,3448.41,3448.41,0,0,0
2017-03-20,3437.48,3437.48,3437.48,3437.48,0,0,0
2017-03-21,3429.62,3429.62,3429.62,3429.62,0,0,0
2017-03-22,3420.7,3420.7,3420.7,3420.7,0,0,0
2017-03-23,3452.18,3452.18,3452.18,3452.18,0,0,0
2017-03-24,3444.15,3444.15,3444.15,3444.15,0,0,0
2017-03-27,3437.14,3437.14,3437.14,3437.14,0,0,0
2017-03-28,3465.07,3465.07,3465.07,3465.07,0,0,0
2017-03-29,3475.27,3475.27,3475.27,3475.27,0,0,0
2017-03-30,3481.58,3481.58,3481.58,3481.58,0,0,0
2017-03-31,3500.93,3500.93,3500.93,3500.93,0,0,0
2017-04-03,3472.94,3472.94,3472.94,3472.94,0,0,0
2017-04-04,3481.66,3481.66,3481.66,3481.66,0,0,0
2017-04-05,3472.58,3472.58,3472.58,3472.58,0,0,0
2017-04-06,3489.57,3489.57,3489.57,3489.57,0,0,0
2017-04-07,3495.8,3495.8,3495.8,3495.8,0,0,0
2017-04-10,3480.44,3480.44,3480.44,3480.44,0,0,0
2017-04-11,3470.04,3470.04,3470.04,3470.04,0,0,0
2017-04-12,3468.51,3468.51,3468.51,3468.51,0,0,0
2017-04-13,3448.26,3448.26,3448.26,3448.26,0,0,0
2017-04-18,3409.78,3409.78,3409.78,3409.78,0,0,0
2017-04-19,3420.99,3420.99,3420.99,3420.99,0,0,0
2017-04-20,3440.03,3440.03,3440.03,3440.03,0,0,0
2017-04-21,3440.27,3440.27,3440.27,3440.27,0,0,0
2017-04-24,3577.38,3577.38,3577.38,3577.38,0,0,0
2017-04-25,3583.16,3583.16,3583.16,3583.16,0,0,0
2017-04-26,3578.71,3578.71,3578.71,3578.71,0,0,0
2017-04-27,3563.29,3563.29,3563.29,3563.29,0,0,0
2017-04-28,3559.59,3559.59,3559.59,3559.59,0,0,0
2017-05-02,3578.21,3578.21,3578.21,3578.21,0,0,0
2017-05-03,3586.25,3586.25,3586.25,3586.25,0,0,0
2017-05-04,3627.88,3627.88,3627.88,3627.88,0,0,0
2017-05-05,3658.79,3658.79,3658.79,3658.79,0,0,0
2017-05-08,3642.11,3642.11,3642.11,3642.11,0,0,0
2017-05-09,3649.08,3649.08,3649.08,3649.08,0,0,0
2017-05-10,3645.74,3645.74,3645.74,3645.74,0,0,0
2017-05-11,3623.55,3623.55,3623.55,3623.55,0,0,0
2017-05-12,3637.52,3637.52,3637.52,3637.52,0,0,0
2017-05-15,3641.88,3641.88,3641.88,3641.88,0,0,0
2017-05-16,3641.89,3641.89,3641.89,3641.89,0,0,0
2017-05-17,3584.83,3584.83,3584.83,3584.83,0,0,0
2017-05-18,3562.22,3562.22,3562.22,3562.22,0,0,0
2017-05-19,3587.01,3587.01,3587.01,3587.01,0,0,0
2017-05-22,3576.53,3576.53,3576.53,3576.53,0,0,0
2017-05-23,3595.03,3595.03,3595.03,3595.03,0,0,0
2017-05-24,3586.62,3586.62,3586.62,3586.62,0,0,0
2017-05-26,3579.02,3579.02,3579.02,3579.02,0,0,0
2017-05-29,3578.95,3578.95,3578.95,3578.95,0,0,0
2017-05-30,3561.22,3561.22,3561.22,3561.22,0,0,0
2017-05-31,3554.59,3554.59,3554.59,3554.59,0,0,0
2017-06-01,3567.02,3567.02,3567.02,3567.02,0,0,0
2017-06-02,3591.82,3591.82,3591.82,3591.82,0,0,0
2017-06-06,3554.18,3554.18,3554.18,3554.18,0,0,0
2017-06-07,3548.84,3548.84,3548.84,3548.84,0,0,0
2017-06-08,3563.88,3563.88,3563.88,3563.88,0,0,0
2017-06-09,3586.07,3586.07,3586.07,3586.07,0,0,0
2017-06-12,3543.95,3543.95,3543.95,3543.95,0,0,0
2017-06-13,3557.87,3557.87,3557.87,3557.87,0,0,0
2017-06-14,3547.15,3547.15,3547.15,3547.15,0,0,0
2017-06-15,3525.46,3525.46,3525.46,3525.46,0,0,0
2017-06-16,3543.88,3543.88,3543.88,3543.88,0,0,0
2017-06-19,3579.58,3579.58,3579.58,3579.58,0,0,0
2017-06-20,3560.66,3560.66,3560.66,3560.66,0,0,0
2017-06-21,3554.35,3554.35,3554.35,3554.35,0,0,0
2017-06-22,3555.76,3555.76,3555.76,3555.76,0,0,0
2017-06-23,3543.68,3543.68,3543.68,3543.68,0,0,0
2017-06-26,3561.76,3561.76,3561.76,3561.76,0,0,0
2017-06-27,3538.32,3538.32,3538.32,3538.32,0,0,0
2017-06-28,3535.7,3535.7,3535.7,3535.7,0,0,0
2017-06-29,3471.33,3471.33,3471.33,3471.33,0,0,0
2017-06-30,3441.88,3441.88,3441.88,3441.88,0,0,0
2017-07-03,3491.81,3491.81,3491.81,3491.81,0,0,0
2017-07-04,3479.47,3479.47,3479.47,3479.47,0,0,0
2017-07-05,3478.41,3478.41,3478.41,3478.41,0,0,0
2017-07-06,3462.06,3462.06,3462.06,3462.06,0,0,0
2017-07-07,3463.84,3463.84,3463.84,3463.84,0,0,0
2017-07-10,3478.06,3478.06,3478.06,3478.06,0,0,0
2017-07-11,3464.48,3464.48,3464.48,3464.48,0,0,0
2017-07-12,3515.23,3515.23,3515.23,3515.23,0,0,0
2017-07-13,3527.83,3527.83,3527.83,3527.83,0,0,0
2017-07-14,3525.94,3525.94,3525.94,3525.94,0,0,0
2017-07-17,3516.35,3516.35,3516.35,3516.35,0,0,0
2017-07-18,3478.68,3478.68,3478.68,3478.68,0,0,0
2017-07-19,3500.28,3500.28,3500.28,3500.28,0,0,0
2017-07-20,3499.49,3499.49,3499.49,3499.49,0,0,0
2017-07-21,3451.71,3451.71,3451.71,3451.71,0,0,0
2017-07-24,3453.17,3453.17,3453.17,3453.17,0,0,0
2017-07-25,3473.54,3473.54,3473.54,3473.54,0,0,0
2017-07-26,3491.19,3491.19,3491.19,3491.19,0,0,0
2017-07-27,3493.14,3493.14,3493.14,3493.14,0,0,0
2017-07-28,3467.73,3467.73,3467.73,3467.73,0,0,0
2017-07-31,3449.36,3449.36,3449.36,3449.36,0,0,0
2017-08-02,3459.32,3459.32,3459.32,3459.32,0,0,0
2017-08-03,3466.37,3466.37,3466.37,3466.37,0,0,0
2017-08-04,3507.41,3507.41,3507.41,3507.41,0,0,0
2017-08-07,3505.8,3505.8,3505.8,3505.8,0,0,0
2017-08-08,3515.63,3515.63,3515.63,3515.63,0,0,0
2017-08-09,3468.45,3468.45,3468.45,3468.45,0,0,0
2017-08-10,3433.54,3433.54,3433.54,3433.54,0,0,0
2017-08-11,3406.34,3406.34,3406.34,3406.34,0,0,0
2017-08-14,3450.66,3450.66,3450.66,3450.66,0,0,0
2017-08-15,3461.91,3461.91,3461.91,3461.91,0,0,0
2017-08-16,3484.57,3484.57,3484.57,3484.57,0,0,0
2017-08-17,3461.97,3461.97,3461.97,3461.97,0,0,0
2017-08-18,3446.03,3446.03,3446.03,3446.03,0,0,0
2017-08-21,3423.53,3423.53,3423.53,3423.53,0,0,0
2017-08-22,3455.59,3455.59,3455.59,3455.59,0,0,0
2017-08-23,3438.63,3438.63,3438.63,3438.63,0,0,0
2017-08-24,3444.73,3444.73,3444.73,3444.73,0,0,0
2017-08-25,3438.55,3438.55,3438.55,3438.55,0,0,0
2017-08-28,3421.03,3421.03,3421.03,3421.03,0,0,0
2017-08-29,3388.22,3388.22,3388.22,3388.22,0,0,0
2017-08-30,3403.71,3403.71,3403.71,3403.71,0,0,0
2017-08-31,3421.47,3421.47,3421.47,3421.47,0,0,0
2017-09-01,3443.88,3443.88,3443.88,3443.88,0,0,0
2017-09-04,3430.42,3430.42,3430.42,3430.42,0,0,0
2017-09-05,3420.86,3420.86,3420.86,3420.86,0,0,0
2017-09-06,3433.8,3433.8,3433.8,3433.8,0,0,0
2017-09-07,3447.66,3447.66,3447.66,3447.66,0,0,0
2017-09-08,3447.69,3447.69,3447.69,3447.69,0,0,0
2017-09-11,3495.19,3495.19,3495.19,3495.19,0,0,0
2017-09-12,3512.56,3512.56,3512.56,3512.56,0,0,0
2017-09-13,3523.14,3523.14,3523.14,3523.14,0,0,0
2017-09-14,3526.48,3526.48,3526.48,3526.48,0,0,0
2017-09-15,3515.55,3515.55,3515.55,3515.55,0,0,0
2017-09-18,3526.74,3526.74,3526.74,3526.74,0,0,0
2017-09-19,3531.18,3531.18,3531.18,3531.18,0,0,0
2017-09-20,3525.55,3525.55,3525.55,3525.55,0,0,0
2017-09-21,3539.59,3539.59,3539.59,3539.59,0,0,0
2017-09-22,3541.42,3541.42,3541.42,3541.42,0,0,0
2017-09-25,3537.81,3537.81,3537.81,3537.81,0,0,0
2017-09-26,3536.38,3536.38,3536.38,3536.38,0,0,0
2017-09-27,3555.17,3555.17,3555.17,3555.17,0,0,0
2017-09-28,3563.64,3563.64,3563.64,3563.64,0,0,0
2017-09-29,3594.85,3594.85,3594.85,3594.85,0,0,0
2017-10-02,3602.69,3602.69,3602.69,3602.69,0,0,0
2017-10-03,3605.73,3605.73,3605.73,3605.73,0,0,0
2017-10-04,3594.91,3594.91,3594.91,3594.91,0,0,0
2017-10-05,3613.54,3613.54,3613.54,3613.54,0,0,0
2017-10-06,3603.32,3603.32,3603.32,3603.32,0,0,0
2017-10-09,3610.5,3610.5,3610.5,3610.5,0,0,0
2017-10-10,3598.79,3598.79,3598.79,3598.79,0,0,0
2017-10-11,3607.39,3607.39,3607.39,3607.39,0,0,0
2017-10-12,3605.54,3605.54,3605.54,3605.54,0,0,0
2017-10-13,3604.55,3604.55,3604.55,3604.55,0,0,0
2017-10-16,3606.27,3606.27,3606.27,3606.27,0,0,0
2017-10-17,3607.77,3607.77,3607.77,3607.77,0,0,0
2017-10-18,3619.65,3619.65,3619.65,3619.65,0,0,0
2017-10-19,3602.08,3602.08,3602.08,3602.08,0,0,0
2017-10-20,3605.09,3605.09,3605.09,3605.09,0,0,0
2017-10-23,3608.87,3608.87,3608.87,3608.87,0,0,0
2017-10-24,3610.69,3610.69,3610.69,3610.69,0,0,0
2017-10-25,3591.46,3591.46,3591.46,3591.46,0,0,0
2017-10-26,3637.2,3637.2,3637.2,3637.2,0,0,0
2017-10-27,3652.23,3652.23,3652.23,3652.23,0,0,0
2017-10-30,3662.18,3662.18,3662.18,3662.18,0,0,0
2017-10-31,3673.95,3673.95,3673.95,3673.95,0,0,0
2017-11-01,3697.4,3697.4,3697.4,3697.4,0,0,0
2017-11-02,3688.8,3688.8,3688.8,3688.8,0,0,0
2017-11-03,3689.96,3689.96,3689.96,3689.96,0,0,0
2017-11-06,3682.36,3682.36,3682.36,3682.36,0,0,0
2017-11-07,3658.77,3658.77,3658.77,3658.77,0,0,0
2017-11-08,3655.04,3655.04,3655.04,3655.04,0,0,0
2017-11-09,3612.5,3612.5,3612.5,3612.5,0,0,0
2017-11-10,3593.76,3593.76,3593.76,3593.76,0,0,0
2017-11-13,3574.52,3574.52,3574.52,3574.52,0,0,0
2017-11-14,3556.38,3556.38,3556.38,3556.38,0,0,0
2017-11-15,3545.72,3545.72,3545.72,3545.72,0,0,0
2017-11-16,3564.8,3564.8,3564.8,3564.8,0,0,0
2017-11-17,3547.46,3547.46,3547.46,3547.46,0,0,0
2017-11-20,3561.41,3561.41,3561.41,3561.41,0,0,0
2017-11-21,3579.32,3579.32,3579.32,3579.32,0,0,0
2017-11-22,3562.65,3562.65,3562.65,3562.65,0,0,0
2017-11-23,3572.07,3572.07,3572.07,3572.07,0,0,0
2017-11-24,3581.23,3581.23,3581.23,3581.23,0,0,0
2017-11-27,3564.02,3564.02,3564.02,3564.02,0,0,0
2017-11-28,3583.49,3583.49,3583.49,3583.49,0,0,0
2017-11-29,3589.91,3589.91,3589.91,3589.91,0,0,0
2017-11-30,3569.93,3569.93,3569.93,3569.93,0,0,0
2017-12-01,3527.55,3527.55,3527.55,3527.55,0,0,0
2017-12-04,3576.22,3576.22,3576.22,3576.22,0,0,0
2017-12-05,3570.57,3570.57,3570.57,3570.57,0,0,0
2017-12-06,3561.57,3561.57,3561.57,3561.57,0,0,0
2017-12-07,3573.13,3573.13,3573.13,3573.13,0,0,0
2017-12-08,3591.45,3591.45,3591.45,3591.45,0,0,0
2017-12-11,3582.21,3582.21,3582.21,3582.21,0,0,0
2017-12-12,3600.35,3600.35,3600.35,3600.35,0,0,0
2017-12-13,3581.75,3581.75,3581.75,3581.75,0,0,0
2017-12-14,3556.22,3556.22,3556.22,3556.22,0,0,0
2017-12-15,3560.53,3560.53,3560.53,3560.53,0,0,0
2017-12-18,3609.42,3609.42,3609.42,3609.42,0,0,0
2017-12-19,3582.22,3582.22,3582.22,3582.22,0,0,0
2017-12-20,3552.66,3552.66,3552.66,3552.66,0,0,0
2017-12-21,3570.78,3570.78,3570.78,3570.78,0,0,0
2017-12-22,3553.39,3553.39,3553.39,3553.39,0,0,0
2017-12-27,3550.17,3550.17,3550.17,3550.17,0,0,0
2017-12-28,3524.31,3524.31,3524.31,3524.31,0,0,0
2017-12-29,3503.96,3503.96,3503.96,3503.96,0,0,0
2018-01-03,3509.88,3509.88,3509.88,3509.88,0,0,0
2018-01-04,3568.88,3568.88,3568.88,3568.88,0,0,0
2018-01-05,3607.63,3607.63,3607.63,3607.63,0,0,0
2018-01-08,3616.45,3616.45,3616.45,3616.45,0,0,0
2018-01-09,3622.87,3622.87,3622.87,3622.87,0,0,0
2018-01-10,3609.83,3609.83,3609.83,3609.83,0,0,0
2018-01-11,3595.24,3595.24,3595.24,3595.24,0,0,0
2018-01-12,3612.61,3612.61,3612.61,3612.61,0,0,0
2018-01-15,3611.81,3611.81,3611.81,3611.81,0,0,0
2018-01-16,3622.01,3622.01,3622.01,3622.01,0,0,0
2018-01-17,3612.78,3612.78,3612.78,3612.78,0,0,0
2018-01-18,3620.91,3620.91,3620.91,3620.91,0,0,0
2018-01-19,3649.07,3649.07,3649.07,3649.07,0,0,0
2018-01-22,3665.28,3665.28,3665.28,3665.28,0,0,0
2018-01-23,3672.29,3672.29,3672.29,3672.29,0,0,0
2018-01-24,3643.22,3643.22,3643.22,3643.22,0,0,0
2018-01-25,3630.15,3630.15,3630.15,3630.15,0,0,0
2018-01-26,3647.41,3647.41,3647.41,3647.41,0,0,0
2018-01-29,3643.04,3643.04,3643.04,3643.04,0,0,0
2018-01-30,3606.75,3606.75,3606.75,3606.75,0,0,0
2018-01-31,3609.29,3609.29,3609.29,3609.29,0,0,0
2018-02-01,3577.35,3577.35,3577.35,3577.35,0,0,0
2018-02-02,3523.28,3523.28,3523.28,3523.28,0,0,0
2018-02-05,3478.77,3478.77,3478.77,3478.77,0,0,0
2018-02-06,3394.92,3394.92,3394.92,3394.92,0,0,0
2018-02-07,3454.52,3454.52,3454.52,3454.52,0,0,0
2018-02-08,3377.3,3377.3,3377.3,3377.3,0,0,0
2018-02-09,3325.99,3325.99,3325.99,3325.99,0,0,0
2018-02-12,3368.25,3368.25,3368.25,3368.25,0,0,0
2018-02-13,3340.93,3340.93,3340.93,3340.93,0,0,0
2018-02-14,3369.83,3369.83,3369.83,3369.83,0,0,0
2018-02-15,3389.63,3389.63,3389.63,3389.63,0,0,0
2018-02-16,3426.8,3426.8,3426.8,3426.8,0,0,0
2018-02-19,3407.79,3407.79,3407.79,3407.79,0,0,0
2018-02-20,3435.08,3435.08,3435.08,3435.08,0,0,0
2018-02-21,3430.16,3430.16,3430.16,3430.16,0,0,0
2018-02-22,3431.99,3431.99,3431.99,3431.99,0,0,0
2018-02-23,3441.46,3441.46,3441.46,3441.46,0,0,0
2018-02-26,3463.18,3463.18,3463.18,3463.18,0,0,0
2018-02-27,3458.03,3458.03,3458.03,3458.03,0,0,0
2018-02-28,3438.96,3438.96,3438.96,3438.96,0,0,0
2018-03-01,3399.16,3399.16,3399.16,3399.16,0,0,0
2018-03-02,3324.75,3324.75,3324.75,3324.75,0,0,0
2018-03-05,3355.32,3355.32,3355.32,3355.32,0,0,0
2018-03-06,3357.86,3357.86,3357.86,3357.86,0,0,0
2018-03-07,3377.36,3377.36,3377.36,3377.36,0,0,0
2018-03-08,3413.28,3413.28,3413.28,3413.28,0,0,0
2018-03-09,3420.54,3420.54,3420.54,3420.54,0,0,0
2018-03-12,3429.48,3429.48,3429.48,3429.48,0,0,0
2018-03-13,3397.35,3397.35,3397.35,3397.35,0,0,0
2018-03-14,3390.98,3390.98,3390.98,3390.98,0,0,0
2018-03-15,3414.13,3414.13,3414.13,3414.13,0,0,0
2018-03-16,3437.4,3437.4,3437.4,3437.4,0,0,0
2018-03-19,3394.79,3394.79,3394.79,3394.79,0,0,0
2018-03-20,3412.08,3412.08,3412.08,3412.08,0,0,0
2018-03-21,3401.04,3401.04,3401.04,3401.04,0,0,0
2018-03-22,3348.19,3348.19,3348.19,3348.19,0,0,0
2018-03-23,3298.07,3298.07,3298.07,3298.07,0,0,0
2018-03-26,3278.72,3278.72,3278.72,3278.72,0,0,0
2018-03-27,3316.95,3316.95,3316.95,3316.95,0,0,0
2018-03-28,3331.25,3331.25,3331.25,3331.25,0,0,0
2018-03-29,3361.5,3361.5,3361.5,3361.5,0,0,0
2018-04-03,3346.93,3346.93,3346.93,3346.93,0,0,0
2018-04-04,3340.35,3340.35,3340.35,3340.35,0,0,0
2018-04-05,3429.95,3429.95,3429.95,3429.95,0,0,0
2018-04-06,3408.1,3408.1,3408.1,3408.1,0,0,0
2018-04-09,3414.85,3414.85,3414.85,3414.85,0,0,0
2018-04-10,3438.78,3438.78,3438.78,3438.78,0,0,0
2018-04-11,3419.71,3419.71,3419.71,3419.71,0,0,0
2018-04-12,3443.97,3443.97,3443.97,3443.97,0,0,0
2018-04-13,3448.0,3448.0,3448.0,3448.0,0,0,0
2018-04-16,3441.04,3441.04,3441.04,3441.04,0,0,0
2018-04-17,3477.91,3477.91,3477.91,3477.91,0,0,0
2018-04-18,3490.89,3490.89,3490.89,3490.89,0,0,0
2018-04-19,3486.6,3486.6,3486.6,3486.6,0,0,0
2018-04-20,3494.2,3494.2,3494.2,3494.2,0,0,0
2018-04-23,3513.06,3513.06,3513.06,3513.06,0,0,0
2018-04-24,3510.88,3510.88,3510.88,3510.88,0,0,0
2018-04-25,3485.83,3485.83,3485.83,3485.83,0,0,0
2018-04-26,3506.03,3506.03,3506.03,3506.03,0,0,0
2018-04-27,3518.78,3518.78,3518.78,3518.78,0,0,0
2018-04-30,3536.52,3536.52,3536.52,3536.52,0,0,0
2018-05-02,3553.79,3553.79,3553.79,3553.79,0,0,0
2018-05-03,3529.12,3529.12,3529.12,3529.12,0,0,0
2018-05-04,3550.59,3550.59,3550.59,3550.59,0,0,0
2018-05-07,3564.19,3564.19,3564.19,3564.19,0,0,0
2018-05-08,3557.88,3557.88,3557.88,3557.88,0,0,0
2018-05-09,3569.74,3569.74,3569.74,3569.74,0,0,0
2018-05-11,3565.52,3565.52,3565.52,3565.52,0,0,0
2018-05-14,3565.74,3565.74,3565.74,3565.74,0,0,0
2018-05-15,3564.29,3564.29,3564.29,3564.29,0,0,0
2018-05-16,3562.85,3562.85,3562.85,3562.85,0,0,0
2018-05-17,3592.18,3592.18,3592.18,3592.18,0,0,0
2018-05-18,3573.76,3573.76,3573.76,3573.76,0,0,0
2018-05-22,3587.25,3587.25,3587.25,3587.25,0,0,0
2018-05-23,3541.82,3541.82,3541.82,3541.82,0,0,0
2018-05-24,3521.76,3521.76,3521.76,3521.76,0,0,0
2018-05-25,3515.36,3515.36,3515.36,3515.36,0,0,0
2018-05-28,3482.64,3482.64,3482.64,3482.64,0,0,0
2018-05-29,3428.14,3428.14,3428.14,3428.14,0,0,0
2018-05-30,3441.19,3441.19,3441.19,3441.19,0,0,0
2018-05-31,3406.65,3406.65,3406.65,3406.65,0,0,0
2018-06-01,3453.54,3453.54,3453.54,3453.54,0,0,0
2018-06-04,3469.57,3469.57,3469.57,3469.57,0,0,0
2018-06-05,3456.79,3456.79,3456.79,3456.79,0,0,0
2018-06-06,3460.82,3460.82,3460.82,3460.82,0,0,0
2018-06-07,3459.77,3459.77,3459.77,3459.77,0,0,0
2018-06-08,3447.3,3447.3,3447.3,3447.3,0,0,0
2018-06-11,3480.22,3480.22,3480.22,3480.22,0,0,0
2018-06-12,3475.58,3475.58,3475.58,3475.58,0,0,0
2018-06-13,3479.56,3479.56,3479.56,3479.56,0,0,0
2018-06-14,3527.11,3527.11,3527.11,3527.11,0,0,0
2018-06-15,3505.02,3505.02,3505.02,3505.02,0,0,0
2018-06-18,3466.65,3466.65,3466.65,3466.65,0,0,0
2018-06-19,3435.3,3435.3,3435.3,3435.3,0,0,0
2018-06-20,3439.6,3439.6,3439.6,3439.6,0,0,0
2018-06-21,3403.51,3403.51,3403.51,3403.51,0,0,0
2018-06-22,3441.6,3441.6,3441.6,3441.6,0,0,0
2018-06-25,3369.21,3369.21,3369.21,3369.21,0,0,0
2018-06-26,3368.72,3368.72,3368.72,3368.72,0,0,0
2018-06-27,3397.13,3397.13,3397.13,3397.13,0,0,0
2018-06-28,3365.52,3365.52,3365.52,3365.52,0,0,0
2018-06-29,3395.6,3395.6,3395.6,3395.6,0,0,0
2018-07-02,3372.21,3372.21,3372.21,3372.21,0,0,0
2018-07-03,3406.34,3406.34,3406.34,3406.34,0,0,0
2018-07-04,3412.03,3412.03,3412.03,3412.03,0,0,0
2018-07-05,3440.92,3440.92,3440.92,3440.92,0,0,0
2018-07-06,3448.49,3448.49,3448.49,3448.49,0,0,0
2018-07-09,3460.44,3460.44,3460.44,3460.44,0,0,0
2018-07-10,3473.31,3473.31,3473.31,3473.31,0,0,0
2018-07-11,3422.35,3422.35,3422.35,3422.35,0,0,0
2018-07-12,3445.49,3445.49,3445.49,3445.49,0,0,0
2018-07-13,3454.54,3454.54,3454.54,3454.54,0,0,0
2018-07-16,3449.08,3449.08,3449.08,3449.08,0,0,0
2018-07-17,3457.5,3457.5,3457.5,3457.5,0,0,0
2018-07-18,3485.08,3485.08,3485.08,3485.08,0,0,0
2018-07-19,3471.64,3471.64,3471.64,3471.64,0,0,0
2018-07-20,3460.03,3460.03,3460.03,3460.03,0,0,0
2018-07-23,3454.05,3454.05,3454.05,3454.05,0,0,0
2018-07-24,3483.31,3483.31,3483.31,3483.31,0,0,0
2018-07-25,3468.45,3468.45,3468.45,3468.45,0,0,0
2018-07-26,3509.26,3509.26,3509.26,3509.26,0,0,0
2018-07-27,3527.18,3527.18,3527.18,3527.18,0,0,0
2018-07-30,3512.31,3512.31,3512.31,3512.31,0,0,0
2018-07-31,3525.49,3525.49,3525.49,3525.49,0,0,0
2018-08-02,3469.21,3469.21,3469.21,3469.21,0,0,0
2018-08-03,3482.4,3482.4,3482.4,3482.4,0,0,0
2018-08-06,3483.3,3483.3,3483.3,3483.3,0,0,0
2018-08-07,3504.37,3504.37,3504.37,3504.37,0,0,0
2018-08-08,3493.6,3493.6,3493.6,3493.6,0,0,0
2018-08-09,3494.14,3494.14,3494.14,3494.14,0,0,0
2018-08-10,3426.28,3426.28,3426.28,3426.28,0,0,0
2018-08-13,3409.68,3409.68,3409.68,3409.68,0,0,0
2018-08-14,3409.44,3409.44,3409.44,3409.44,0,0,0
2018-08-15,3359.08,3359.08,3359.08,3359.08,0,0,0
2018-08-16,3377.56,3377.56,3377.56,3377.56,0,0,0
2018-08-17,3372.94,3372.94,3372.94,3372.94,0,0,0
2018-08-20,3393.67,3393.67,3393.67,3393.67,0,0,0
2018-08-21,3411.66,3411.66,3411.66,3411.66,0,0,0
2018-08-22,3420.18,3420.18,3420.18,3420.18,0,0,0
2018-08-23,3419.26,3419.26,3419.26,3419.26,0,0,0
2018-08-24,3427.44,3427.44,3427.44,3427.44,0,0,0
2018-08-27,3456.01,3456.01,3456.01,3456.01,0,0,0
2018-08-28,3447.57,3447.57,3447.57,3447.57,0,0,0
2018-08-29,3456.13,3456.13,3456.13,3456.13,0,0,0
2018-08-30,3430.99,3430.99,3430.99,3430.99,0,0,0
2018-08-31,3392.9,3392.9,3392.9,3392.9,0,0,0
2018-09-03,3394.99,3394.99,3394.99,3394.99,0,0,0
2018-09-04,3359.36,3359.36,3359.36,3359.36,0,0,0
2018-09-05,3315.62,3315.62,3315.62,3315.62,0,0,0
2018-09-06,3295.95,3295.95,3295.95,3295.95,0,0,0
2018-09-07,3293.36,3293.36,3293.36,3293.36,0,0,0
2018-09-10,3309.28,3309.28,3309.28,3309.28,0,0,0
2018-09-11,3311.66,3311.66,3311.66,3311.66,0,0,0
2018-09-12,3326.6,3326.6,3326.6,3326.6,0,0,0
2018-09-13,3333.68,3333.68,3333.68,3333.68,0,0,0
2018-09-14,3344.63,3344.63,3344.63,3344.63,0,0,0
2018-09-17,3346.11,3346.11,3346.11,3346.11,0,0,0
2018-09-18,3358.46,3358.46,3358.46,3358.46,0,0,0
2018-09-19,3368.56,3368.56,3368.56,3368.56,0,0,0
2018-09-20,3403.12,3403.12,3403.12,3403.12,0,0,0
2018-09-21,3430.81,3430.81,3430.81,3430.81,0,0,0
2018-09-24,3410.44,3410.44,3410.44,3410.44,0,0,0
2018-09-25,3419.78,3419.78,3419.78,3419.78,0,0,0
2018-09-26,3433.15,3433.15,3433.15,3433.15,0,0,0
2018-09-27,3449.79,3449.79,3449.79,3449.79,0,0,0
2018-09-28,3399.2,3399.2,3399.2,3399.2,0,0,0
2018-10-01,3414.16,3414.16,3414.16,3414.16,0,0,0
2018-10-02,3388.99,3388.99,3388.99,3388.99,0,0,0
2018-10-03,3405.48,3405.48,3405.48,3405.48,0,0,0
2018-10-04,3375.08,3375.08,3375.08,3375.08,0,0,0
2018-10-05,3345.51,3345.51,3345.51,3345.51,0,0,0
2018-10-08,3309.72,3309.72,3309.72,3309.72,0,0,0
2018-10-09,3321.79,3321.79,3321.79,3321.79,0,0,0
2018-10-10,3266.9,3266.9,3266.9,3266.9,0,0,0
2018-10-11,3209.19,3209.19,3209.19,3209.19,0,0,0
2018-10-12,3194.41,3194.41,3194.41,3194.41,0,0,0
2018-10-15,3210.37,3210.37,3210.37,3210.37,0,0,0
2018-10-16,3257.34,3257.34,3257.34,3257.34,0,0,0
2018-10-17,3243.08,3243.08,3243.08,3243.08,0,0,0
2018-10-18,3211.59,3211.59,3211.59,3211.59,0,0,0
2018-10-19,3210.82,3210.82,3210.82,3210.82,0,0,0
2018-10-22,3190.09,3190.09,3190.09,3190.09,0,0,0
2018-10-23,3140.94,3140.94,3140.94,3140.94,0,0,0
2018-10-24,3130.33,3130.33,3130.33,3130.33,0,0,0
2018-10-25,3164.4,3164.4,3164.4,3164.4,0,0,0
2018-10-26,3134.89,3134.89,3134.89,3134.89,0,0,0
2018-10-29,3154.93,3154.93,3154.93,3154.93,0,0,0
2018-10-30,3147.13,3147.13,3147.13,3147.13,0,0,0
2018-10-31,3197.51,3197.51,3197.51,3197.51,0,0,0
2018-11-01,3204.21,3204.21,3204.21,3204.21,0,0,0
2018-11-02,3214.41,3214.41,3214.41,3214.41,0,0,0
2018-11-05,3217.37,3217.37,3217.37,3217.37,0,0,0
2018-11-07,3246.16,3246.16,3246.16,3246.16,0,0,0
2018-11-08,3237.6,3237.6,3237.6,3237.6,0,0,0
2018-11-13,3224.82,3224.82,3224.82,3224.82,0,0,0
2018-11-15,3190.31,3190.31,3190.31,3190.31,0,0,0
2018-11-19,3160.33,3160.33,3160.33,3160.33,0,0,0
2018-11-20,3116.07,3116.07,3116.07,3116.07,0,0,0
2018-11-21,3153.91,3153.91,3153.91,3153.91,0,0,0
2018-11-22,3126.67,3126.67,3126.67,3126.67,0,0,0
2018-11-26,3172.71,3172.71,3172.71,3172.71,0,0,0
2018-11-27,3166.42,3166.42,3166.42,3166.42,0,0,0
2018-11-29,3174.16,3174.16,3174.16,3174.16,0,0,0
2018-11-30,3173.13,3173.13,3173.13,3173.13,0,0,0
2018-12-04,3189.25,3189.25,3189.25,3189.25,0,0,0
2018-12-05,3150.27,3150.27,3150.27,3150.27,0,0,0
2018-12-06,3045.94,3045.94,3045.94,3045.94,0,0,0
2018-12-07,3058.53,3058.53,3058.53,3058.53,0,0,0
2018-12-10,3016.99,3016.99,3016.99,3016.99,0,0,0
2018-12-11,3055.32,3055.32,3055.32,3055.32,0,0,0
2018-12-12,3107.97,3107.97,3107.97,3107.97,0,0,0
2018-12-13,3112.17,3112.17,3112.17,3112.17,0,0,0
2018-12-14,3092.6,3092.6,3092.6,3092.6,0,0,0
2018-12-17,3063.65,3063.65,3063.65,3063.65,0,0,0
2018-12-18,3040.12,3040.12,3040.12,3040.12,0,0,0
2018-12-19,3051.38,3051.38,3051.38,3051.38,0,0,0
2018-12-21,3000.61,3000.61,3000.61,3000.61,0,0,0
2018-12-27,2937.36,2937.36,2937.36,2937.36,0,0,0
2019-01-04,3041.85,3041.85,3041.85,3041.85,0,0,0
2019-01-07,3033.64,3033.64,3033.64,3033.64,0,0,0
2019-01-08,3054.94,3054.94,3054.94,3054.94,0,0,0
2019-01-09,3070.24,3070.24,3070.24,3070.24,0,0,0
2019-01-10,3075.73,3075.73,3075.73,3075.73,0,0,0
2019-01-11,3070.04,3070.04,3070.04,3070.04,0,0,0
2019-01-14,3055.18,3055.18,3055.18,3055.18,0,0,0
2019-01-16,3077.22,3077.22,3077.22,3077.22,0,0,0
2019-01-17,3069.35,3069.35,3069.35,3069.35,0,0,0
2019-01-18,3134.92,3134.92,3134.92,3134.92,0,0,0
2019-01-21,3125.07,3125.07,3125.07,3125.07,0,0,0
2019-01-23,3112.13,3112.13,3112.13,3112.13,0,0,0
2019-01-24,3126.31,3126.31,3126.31,3126.31,0,0,0
2019-01-25,3163.24,3163.24,3163.24,3163.24,0,0,0
2019-01-28,3137.27,3137.27,3137.27,3137.27,0,0,0
2019-01-29,3153.42,3153.42,3153.42,3153.42,0,0,0
2019-01-30,3161.74,3161.74,3161.74,3161.74,0,0,0
2019-01-31,3159.43,3159.43,3159.43,3159.43,0,0,0
2019-02-01,3171.12,3171.12,3171.12,3171.12,0,0,0
2019-02-04,3165.2,3165.2,3165.2,3165.2,0,0,0
2019-02-05,3215.04,3215.04,3215.04,3215.04,0,0,0
2019-02-08,3135.62,3135.62,3135.62,3135.62,0,0,0
2019-02-11,3165.61,3165.61,3165.61,3165.61,0,0,0
2019-02-12,3190.75,3190.75,3190.75,3190.75,0,0,0
2019-02-14,3182.66,3182.66,3182.66,3182.66,0,0,0
2019-02-15,3241.25,3241.25,3241.25,3241.25,0,0,0
2019-02-19,3239.41,3239.41,3239.41,3239.41,0,0,0
2019-02-20,3259.49,3259.49,3259.49,3259.49,0,0,0
2019-02-21,3263.7,3263.7,3263.7,3263.7,0,0,0
2019-02-22,3270.55,3270.55,3270.55,3270.55,0,0,0
2019-02-25,3280.01,3280.01,3280.01,3280.01,0,0,0
2019-02-26,3289.32,3289.32,3289.32,3289.32,0,0,0
2019-02-27,3282.77,3282.77,3282.77,3282.77,0,0,0
2019-02-28,3298.26,3298.26,3298.26,3298.26,0,0,0
2019-03-01,3312.1,3312.1,3312.1,3312.1,0,0,0
2019-03-04,3317.12,3317.12,3317.12,3317.12,0,0,0
2019-03-05,3327.19,3327.19,3327.19,3327.19,0,0,0
2019-03-06,3324.67,3324.67,3324.67,3324.67,0,0,0
2019-03-07,3308.85,3308.85,3308.85,3308.85,0,0,0
2019-03-11,3290.76,3306.64,3284.68,3304.44,29420800,0,0
2019-03-12,3312.32,3320.24,3291.91,3303.95,30738900,0,0
2019-03-13,3301.81,3327.35,3300.17,3323.45,32471200,0,0
2019-03-14,3322.92,3349.85,3322.92,3342.03,37300300,0,0
2019-03-15,3345.06,3394.32,3345.06,3386.08,91316800,0,0
2019-03-18,3385.46,3392.63,3380.65,3387.94,36098000,0,0
2019-03-19,3389.81,3422.34,3386.26,3409.0,34176600,0,0
2019-03-20,3404.1,3406.12,3372.38,3372.38,32977700,0,0
2019-03-21,3372.36,3376.21,3348.95,3367.4,34551900,0,0
2019-03-22,3371.68,3377.93,3301.6,3305.73,58032900,0,0
2019-03-25,3297.41,3313.43,3281.97,3300.48,33906700,0,0
2019-03-26,3302.13,3326.35,3293.68,3319.53,32046100,0,0
2019-03-27,3322.64,3344.67,3302.8,3322.04,44786200,0,0
2019-03-28,3321.34,3337.56,3315.91,3320.29,31273500,0,0
2019-03-29,3326.45,3354.3,3326.45,3351.71,35922300,0,0
2019-04-01,3353.67,3390.98,3353.67,3385.38,38161900,0,0
2019-04-02,3386.18,3402.77,3382.84,3395.7,28848000,0,0
2019-04-03,3399.93,3435.9,3399.93,3435.56,36713500,0,0
2019-04-04,3434.34,3449.44,3425.19,3441.93,33147500,0,0
2019-04-05,3445.05,3453.02,3437.92,3447.47,31096400,0,0
2019-04-08,3446.15,3447.11,3433.47,3438.06,25222700,0,0
2019-04-09,3437.07,3450.69,3416.67,3417.22,29949900,0,0
2019-04-10,3418.36,3435.32,3418.36,3424.65,29288800,0,0
2019-04-11,3430.73,3442.25,3412.15,3435.34,36881200,0,0
2019-04-12,3432.16,3454.77,3425.84,3447.83,45588800,0,0
2019-04-15,3448.91,3456.54,3443.56,3450.46,32902000,0,0
2019-04-16,3450.75,3465.98,3450.75,3463.36,36083200,0,0
2019-04-17,3466.89,3486.76,3459.81,3477.73,40129600,0,0
2019-04-18,3477.67,3506.82,3464.64,3499.23,46027400,0,0
2019-04-23,3494.4,3506.68,3487.17,3503.85,32101600,0,0
2019-04-24,3500.56,3515.15,3491.89,3502.63,40509900,0,0
2019-04-25,3495.41,3496.4,3476.28,3491.92,35609100,0,0
2019-04-26,3492.06,3503.46,3484.13,3500.41,30966200,0,0
2019-04-29,3494.47,3508.76,3481.08,3501.94,32293700,0,0
2019-04-30,3499.71,3514.62,3488.1,3514.62,39337100,0,0
2019-05-02,3505.77,3511.43,3487.75,3488.93,38418000,0,0
2019-05-03,3489.48,3510.04,3486.72,3502.48,27229000,0,0
2019-05-06,3487.54,3487.54,3423.33,3462.95,32922700,0,0
2019-05-07,3460.56,3467.64,3396.9,3401.16,47036200,0,0
2019-05-08,3400.19,3423.96,3389.07,3417.26,40572500,0,0
2019-05-09,3401.99,3401.99,3346.45,3350.71,42118800,0,0
2019-05-10,3353.68,3386.22,3349.84,3361.05,35957700,0,0
2019-05-13,3362.52,3365.51,3311.17,3320.78,39567400,0,0
2019-05-14,3324.85,3364.38,3324.85,3364.38,36204200,0,0
2019-05-15,3364.88,3385.78,3332.68,3385.78,44240900,0,0
2019-05-16,3379.7,3438.56,3365.49,3438.56,42922000,0,0
2019-05-17,3433.69,3436.45,3402.56,3425.64,49377800,0,0
2019-05-20,3417.12,3426.87,3360.26,3369.78,53670000,0,0
2019-05-21,3371.26,3395.91,3370.38,3386.51,37551500,0,0
2019-05-22,3384.92,3396.87,3359.6,3386.72,36107300,0,0
2019-05-23,3378.48,3378.48,3323.7,3327.2,45389300,0,0
2019-05-24,3330.99,3365.58,3330.99,3350.7,35226300,0,0
2019-05-27,3350.6,3380.85,3350.6,3364.04,19580400,0,0
2019-05-28,3364.23,3369.91,3337.77,3348.86,52627100,0,0
2019-05-29,3337.38,3337.38,3288.52,3297.81,38520100,0,0
2019-05-31,3312.41,3312.41,3258.04,3280.43,49350100,0,0
2019-06-03,3274.97,3300.22,3248.54,3300.22,34972500,0,0
2019-06-04,3293.63,3338.08,3275.2,3333.49,42640200,0,0
2019-06-05,3334.4,3355.69,3326.93,3339.95,33457800,0,0
2019-06-06,3341.29,3370.8,3326.9,3338.41,41512600,0,0
2019-06-07,3341.33,3391.05,3341.33,3378.38,31980300,0,0
2019-06-11,3386.73,3418.18,3386.73,3401.1,31645900,0,0
2019-06-12,3398.58,3398.58,3376.45,3386.63,30134000,0,0
2019-06-13,3384.32,3401.72,3373.68,3390.5,28235500,0,0
2019-06-14,3388.78,3388.78,3363.07,3379.19,26397100,0,0
2019-06-17,3382.45,3393.89,3375.8,3383.21,24211200,0,0
2019-06-18,3381.5,3458.91,3366.87,3452.89,49958000,0,0
2019-06-19,3454.52,3457.37,3444.12,3454.7,37824200,0,0
2019-06-20,3460.1,3487.0,3460.1,3468.08,49469100,0,0
2019-06-21,3468.73,3496.79,3459.04,3466.92,79595100,0,0
2019-06-24,3466.38,3473.75,3449.19,3455.57,27884900,0,0
2019-06-25,3454.31,3454.31,3440.06,3444.36,27329900,0,0
2019-06-26,3444.28,3460.16,3434.33,3442.95,31753900,0,0
2019-06-27,3444.36,3454.21,3424.68,3442.38,31948700,0,0
2019-06-28,3442.39,3476.93,3442.39,3473.69,34282000,0,0
2019-07-01,3476.08,3519.98,3476.08,3497.59,30371100,0,0
2019-07-02,3498.93,3511.13,3491.44,3507.98,28512300,0,0
2019-07-03,3507.7,3540.63,3507.7,3540.63,41651700,0,0
2019-07-04,3541.85,3549.26,3537.35,3544.15,36660800,0,0
2019-07-05,3542.23,3544.02,3514.25,3527.98,32000600,0,0
2019-07-08,3525.21,3531.47,3514.41,3523.76,26898100,0,0
2019-07-09,3522.27,3522.27,3492.18,3509.75,30325100,0,0
2019-07-10,3508.54,3523.6,3497.74,3501.52,31341600,0,0
2019-07-11,3506.33,3515.77,3493.77,3496.73,27315000,0,0
2019-07-12,3497.02,3505.79,3492.18,3497.63,26712000,0,0
2019-07-15,3497.99,3517.84,3483.17,3502.22,23676400,0,0
2019-07-16,3500.89,3530.11,3498.34,3521.36,28849700,0,0
2019-07-17,3520.74,3529.45,3497.25,3501.58,28130900,0,0
2019-07-18,3497.4,3500.82,3467.25,3482.83,32604400,0,0
2019-07-19,3488.68,3514.33,3470.4,3480.18,42224000,0,0
2019-07-22,3478.77,3498.69,3476.43,3489.92,28137700,0,0
2019-07-23,3496.86,3544.34,3496.86,3532.87,32058700,0,0
2019-07-24,3533.3,3537.71,3520.84,3532.9,27857100,0,0
2019-07-25,3538.27,3573.57,3491.77,3510.15,50510700,0,0
2019-07-26,3511.16,3526.99,3506.49,3524.47,30732900,0,0
2019-07-29,3522.36,3539.94,3517.12,3523.58,23964200,0,0
2019-07-30,3523.97,3526.53,3455.13,3462.85,44462900,0,0
2019-07-31,3464.69,3477.35,3458.11,3466.85,36672600,0,0
2019-08-02,3473.0,3473.0,3368.66,3376.12,54786800,0,0
2019-08-05,3365.49,3365.49,3302.3,3310.93,45543300,0,0
2019-08-06,3310.08,3337.54,3291.66,3291.66,36632600,0,0
2019-08-07,3301.31,3339.07,3283.13,3309.99,42322300,0,0
2019-08-08,3323.77,3375.38,3323.77,3375.38,35688700,0,0
2019-08-09,3366.29,3367.43,3326.73,3333.74,44849600,0,0
2019-08-12,3340.82,3370.63,3318.66,3326.55,31857600,0,0
2019-08-13,3324.36,3380.81,3298.32,3357.16,45165800,0,0
2019-08-14,3358.12,3358.73,3276.01,3288.7,45266400,0,0
2019-08-15,3294.5,3306.88,3239.2,3282.78,43557500,0,0
2019-08-16,3286.54,3333.44,3286.54,3329.08,59935600,0,0
2019-08-19,3332.93,3377.76,3332.93,3369.19,34743200,0,0
2019-08-20,3368.21,3379.96,3341.23,3350.23,29871200,0,0
2019-08-21,3353.66,3400.06,3353.66,3394.89,27737600,0,0
2019-08-22,3390.05,3405.35,3366.44,3373.67,32113500,0,0
2019-08-23,3382.31,3394.21,3334.25,3334.25,35515200,0,0
2019-08-26,3329.73,3360.93,3318.33,3348.84,27180900,0,0
2019-08-27,3348.84,3380.88,3334.49,3370.47,36627200,0,0
2019-08-28,3363.51,3368.23,3334.07,3365.38,28768700,0,0
2019-08-29,3362.12,3415.36,3356.68,3411.33,42789600,0,0
2019-08-30,3412.45,3443.08,3412.11,3426.76,39168900,0,0
2019-09-02,3426.24,3442.71,3426.24,3432.54,20014400,0,0
2019-09-03,3432.22,3432.22,3406.55,3420.74,28433300,0,0
2019-09-04,3424.98,3461.06,3424.98,3450.83,36060400,0,0
2019-09-05,3453.99,3488.48,3453.99,3484.7,40107000,0,0
2019-09-06,3484.86,3495.87,3479.62,3495.19,35279300,0,0
2019-09-09,3495.85,3503.05,3486.75,3495.02,34615100,0,0
2019-09-10,3493.8,3501.68,3479.58,3498.99,46313000,0,0
2019-09-11,3502.24,3520.95,3502.24,3516.82,44089500,0,0
2019-09-12,3522.04,3555.1,3512.59,3538.86,51020600,0,0
2019-09-13,3539.93,3555.85,3534.38,3550.11,44760200,0,0
2019-09-16,3540.47,3540.47,3518.45,3518.45,39324600,0,0
2019-09-17,3517.57,3527.0,3506.36,3521.26,38651500,0,0
2019-09-18,3520.88,3536.65,3518.01,3528.04,32020700,0,0
2019-09-19,3527.5,3554.87,3524.37,3552.65,34829700,0,0
2019-09-20,3552.73,3578.04,3546.3,3571.39,87164700,0,0
2019-09-23,3565.96,3565.96,3526.26,3536.97,35109600,0,0
2019-09-24,3542.53,3547.98,3531.65,3532.05,29824100,0,0
2019-09-25,3526.84,3526.84,3480.28,3513.03,35383800,0,0
2019-09-26,3509.8,3538.16,3506.05,3532.18,30754000,0,0
2019-09-27,3534.47,3553.25,3534.47,3545.88,0,0,0
2019-09-30,3545.07,3570.15,3536.91,3569.45,34917000,0,0
2019-10-01,3573.08,3588.68,3518.25,3518.25,35334800,0,0
2019-10-02,3516.88,3516.88,3413.31,3413.31,46051700,0,0
2019-10-03,3414.14,3431.24,3398.64,3417.37,32348800,0,0
2019-10-04,3423.75,3446.71,3406.44,3446.71,32072700,0,0
2019-10-16,3600.76,3610.44,3588.09,3599.25,46723500,0,0
2019-10-17,3595.73,3630.43,3588.62,3588.62,44308100,0,0
2019-10-18,3587.4,3596.71,3571.01,3579.41,34798900,0,0
2019-10-21,3583.37,3608.95,3578.81,3600.08,34599100,0,0
2019-10-22,3600.94,3609.34,3586.64,3604.82,32149400,0,0
2019-10-23,3595.78,3608.63,3585.76,3606.89,36314200,0,0
2019-10-24,3611.62,3626.88,3607.84,3621.37,51628500,0,0
2019-10-25,3622.79,3631.04,3604.4,3624.68,32170400,0,0
2019-10-28,3623.84,3637.94,3614.83,3625.69,31459400,0,0
2019-10-29,3625.53,3625.99,3611.77,3622.09,34743300,0,0
2019-10-30,3616.25,3624.53,3596.3,3620.29,42737400,0,0
2019-10-31,3625.36,3631.87,3593.6,3604.41,44941700,0,0
2019-11-01,3610.22,3633.64,3607.68,3623.74,27786500,0,0
2019-11-04,3631.45,3671.81,3631.45,3665.21,41802200,0,0
2019-11-05,3666.54,3678.63,3661.21,3676.52,48161300,0,0
2019-11-06,3675.43,3692.2,3671.24,3688.74,42297600,0,0
2019-11-07,3694.97,3708.65,3694.97,3706.68,44578300,0,0
2019-11-08,3703.35,3706.91,3687.99,3699.65,42034700,0,0
2019-11-11,3696.97,3702.78,3683.33,3696.82,31571600,0,0
2019-11-12,3700.49,3719.4,3700.11,3712.2,34975300,0,0
2019-11-13,3710.74,3710.74,3679.63,3699.5,39598100,0,0
2019-11-14,3699.73,3702.94,3687.27,3688.81,31667000,0,0
2019-11-15,3698.06,3713.26,3690.06,3711.61,33449500,0,0
2019-11-18,3711.18,3716.79,3687.3,3704.92,29746000,0,0
2019-11-19,3704.88,3733.45,3688.59,3696.56,29828000,0,0
2019-11-20,3688.86,3688.86,3663.21,3683.88,30770900,0,0
2019-11-21,3675.75,3688.37,3651.51,3679.66,30184400,0,0
2019-11-22,3682.22,3709.88,3682.22,3687.32,31889400,0,0
2019-11-25,3697.49,3710.87,3697.49,3707.68,23575400,0,0
2019-11-26,3708.43,3711.75,3694.7,3705.55,42776200,0,0
2019-11-27,3708.71,3721.76,3704.49,3712.85,27538400,0,0
2019-11-28,3707.05,3708.16,3698.22,3704.48,20880800,0,0
2019-11-29,3699.34,3719.83,3686.94,3703.58,28771400,0,0
2019-12-02,3703.76,3729.74,3623.12,3626.66,44663300,0,0
2019-12-03,3635.15,3647.52,3594.8,3610.99,37666800,0,0
2019-12-04,3611.95,3665.9,3611.95,3660.02,32156300,0,0
2019-12-05,3663.0,3683.07,3648.13,3648.13,25377700,0,0
2019-12-06,3653.23,3692.71,3653.23,3692.34,29106900,0,0
2019-12-09,3691.86,3691.86,3671.07,3672.18,26448800,0,0
2019-12-10,3671.97,3675.88,3625.0,3671.78,28580800,0,0
2019-12-11,3667.45,3692.11,3659.53,3687.45,26621200,0,0
2019-12-12,3689.67,3723.6,3675.63,3706.35,40502800,0,0
2019-12-13,3720.65,3765.7,3720.65,3731.07,49284900,0,0
2019-12-16,3738.91,3778.47,3738.91,3772.74,30015600,0,0
2019-12-17,3769.14,3769.14,3742.62,3745.28,37228600,0,0
2019-12-18,3744.0,3755.81,3739.0,3739.0,33479600,0,0
2019-12-19,3741.53,3747.34,3722.57,3739.17,35609900,0,0
2019-12-20,3740.71,3776.56,3738.22,3776.56,84848100,0,0
2019-12-23,3775.07,3778.98,3767.8,3776.66,23064700,0,0
2019-12-27,3776.82,3794.93,3775.26,3782.27,24437900,0,0
2019-12-30,3780.44,3780.44,3748.47,3748.47,18684000,0,0
2020-01-03,3787.57,3787.57,3745.54,3773.37,30343400,0,0
2020-01-06,3764.34,3764.34,3710.94,3752.52,28339400,0,0
2020-01-07,3760.09,3784.42,3748.13,3759.25,29853300,0,0
2020-01-08,3752.87,3775.43,3732.9,3772.56,34988400,0,0
2020-01-09,3782.77,3807.09,3782.77,3795.88,33480100,0,0
2020-01-10,3801.12,3803.91,3786.93,3789.52,27400900,0,0
2020-01-13,3789.87,3798.58,3768.45,3779.68,27508600,0,0
2020-01-14,3779.35,3783.76,3745.47,3774.88,33071500,0,0
2020-01-15,3774.93,3778.94,3755.3,3768.96,33409000,0,0
2020-01-16,3770.96,3785.67,3758.55,3774.14,17583900,0,0
2020-01-17,3780.54,3813.8,3780.54,3808.26,33003100,0,0
2020-01-20,3804.74,3805.61,3791.51,3799.03,20831600,0,0
2020-01-21,3786.26,3789.12,3760.36,3789.12,27585100,0,0
2020-01-22,3792.05,3802.68,3765.49,3769.79,32477100,0,0
2020-01-23,3764.1,3770.01,3734.06,3736.85,33330600,0,0
2020-01-24,3744.75,3795.33,3744.75,3779.16,31726500,0,0
2020-01-27,3754.63,3754.63,3673.8,3677.84,44844200,0,0
2020-01-28,3684.69,3722.71,3671.74,3719.22,37478400,0,0
2020-01-29,3717.64,3743.26,3715.74,3736.36,36474700,0,0
2020-01-30,3717.93,3717.93,3676.66,3690.78,42455300,0,0
2020-01-31,3697.67,3705.33,3639.44,3640.91,49702300,0,0
2020-02-03,3646.86,3673.28,3641.84,3661.27,32500600,0,0
2020-02-04,3670.98,3732.28,3670.98,3732.28,45379700,0,0
2020-02-05,3727.22,3782.85,3717.72,3777.84,56845600,0,0
2020-02-06,3791.07,3808.74,3790.54,3805.52,52514600,0,0
2020-02-07,3804.86,3806.06,3782.21,3798.49,39161600,0,0
2020-02-10,3794.18,3794.18,3779.1,3793.18,28458100,0,0
2020-02-11,3804.46,3832.06,3804.46,3825.84,38624600,0,0
2020-02-12,3829.66,3854.43,3829.66,3854.43,42244300,0,0
2020-02-13,3849.1,3849.1,3799.98,3846.74,38736400,0,0
2020-02-14,3847.93,3851.42,3835.79,3840.97,29903600,0,0
2020-02-17,3843.1,3854.3,3841.06,3853.27,0,0,0
2020-02-18,3848.56,3848.56,3826.23,3836.54,53062800,0,0
2020-02-19,3846.39,3865.43,3846.39,3865.18,40369200,0,0
2020-02-20,3867.28,3867.28,3822.98,3822.98,41279700,0,0
2020-02-21,3816.51,3827.36,3776.82,3800.38,48443600,0,0
2020-02-24,3762.35,3762.35,3632.29,3647.98,79995300,0,0
2020-02-25,3655.84,3668.7,3568.48,3572.51,62808900,0,0
2020-02-26,3567.03,3595.8,3467.58,3577.68,71790400,0,0
2020-02-27,3553.05,3553.05,3410.7,3455.92,86756400,0,0
2020-02-28,3431.52,3431.52,3283.18,3329.49,123088500,0,0
2020-03-02,3355.33,3406.4,3257.99,3338.83,90017600,0,0
2020-03-03,3355.52,3448.24,3354.3,3371.97,79445600,0,0
2020-03-04,3374.0,3438.21,3350.23,3420.56,66431500,0,0
2020-03-05,3431.78,3438.06,3338.41,3363.58,73060200,0,0
2020-03-06,3347.83,3347.83,3216.44,3232.07,85089300,0,0
2020-03-09,3214.2,3214.2,2939.85,2959.07,143365800,0,0
2020-03-10,2973.61,3088.57,2896.74,2910.02,118221300,0,0
2020-03-11,2924.93,2998.65,2904.34,2916.84,0,0,0
